鴉	a1
阿	a1
錒	a1
氬	a1
椏	a1
亞	a1
丫	a1
掗	a2
婭	a3
埡	a3
亞	a3
嗄	a6
阿	a7
啊	a7
鴨	ah4
押	ah4
埃	ai1
哀	ai1
靄	ai2
隘	ai2
醢	ai2
迺	ai2
藹	ai2
欸	ai2
曖	ai2
廼	ai2
噯	ai2
乃	ai2
嬡	ai5
唉	ai7
哎	ai7
靉	ain3
璦	ain3
慾	ain3
愛	ain3
嬡	ain3
揠	ak4
抑	ak4
惡	ak4
堊	ak4
諳	am1
盦	am1
庵	am1
黯	am3
闇	am3
諳	am3
暗	am3
揞	am3
頷	am6
噯	an6
餡	an7
鵪	ang1
骯	ang1
銨	ang1
胺	ang1
氨	ang1
桉	ang1
安	ang1
齆	ang3
甕	ang3
瓮	ang3
晏	ang3
按	ang3
宴	ang3
紅	ang5
洪	ang5
狎	ap4
押	ap4
呷	ap4
盒	ap8
匣	ap8
鷗	au1
靿	au1
鏖	au1
謳	au1
甌	au1
漚	au1
毆	au1
歐	au1
慪	au1
坳	au1
區	au1
凹	au1
拗	au2
媼	au2
嘔	au2
燠	au3
懊	au3
奧	au3
喉	au5
後	au6
鈀	ba1
豝	ba1
葩	ba1
芭	ba1
粑	ba1
疤	ba1
爸	ba1
扒	ba1
巴	ba1
叭	ba1
飽	ba2
靶	ba2
欛	ba2
把	ba2
霸	ba3
趵	ba3
豹	ba3
灞	ba3
壩	ba3
罷	ba6
吧	ba7
唄	bai1
㗑	bai1
襬	bai2
擺	bai2
捭	bai2
拜	bai3
簰	bai5
箄	bai5
牌	bai5
排	bai5
徘	bai5
敗	bai7
腹	bak4
幅	bak4
北	bak4
剝	bak4
亳	bak4
縛	bak8
頒	bang1
邦	bang1
蹦	bang1
繃	bang1
癍	bang1
瘢	bang1
班	bang1
浜	bang1
楓	bang1
枋	bang1
方	bang1
斑	bang1
彭	bang1
幫	bang1
崩	bang1
阪	bang2
闆	bang2
蝂	bang2
膀	bang2
耪	bang2
繃	bang2
綁	bang2
版	bang2
榜	bang2
梆	bang2
板	bang2
扳	bang2
坂	bang2
放	bang3
扮	bang3
馮	bang5
瓶	bang5
房	bang5
謗	bang6
稖	bang6
磅	bang6
棒	bang6
傍	bang6
瓣	bang7
麅	bau1
麃	bau1
苞	bau1
胞	bau1
皰	bau1
疱	bau1
狍	bau1
枹	bau1
孢	bau1
包	bau1
鴇	bau2
褓	bau2
葆	bau2
堡	bau2
保	bau2
鮑	bau6
爆	bau6
曝	bau6
暴	bau6
把	be2
鈀	be5
耙	be5
筢	be5
琶	be5
爬	be5
杷	be5
扒	be5
䎱	be5
父	be6
唄	be7
百	beh4
柏	beh4
掰	beh4
佰	beh4
伯	beh4
白	beh8
帛	beh8
逼	bek4
迫	bek4
輻	bek4
煏	bek4
柏	bek4
愎	bek4
伯	bek4
柄	ben3
把	ben3
棚	ben5
平	ben5
病	ben7
邴	beng2
秉	beng2
炳	beng2
憑	beng5
駢	beng6
迸	beng6
胼	beng6
栟	beng6
并	beng6
併	beng6
並	beng6
鎇	bhai5
眉	bhai5
楣	bhai5
嵋	bhai5
木	bhak8
墨	bhak8
鉚	bhau2
茆	bhau2
泖	bhau2
昴	bhau2
卯	bhau2
馬	bhe2
碼	bhe2
麥	bheh8
米	bhi2
未	bhi7
味	bhi7
瞄	bhie5
描	bhie5
廟	bhie7
篾	bhih8
蜜	bhik8
母	bho2
拇	bho2
姥	bho2
無	bho5
毋	bho5
无	bho5
亡	bho5
磨	bho7
帽	bho7
買	bhoi2
𠁞	bhoi6
賣	bhoi7
畝	bhou2
牡	bhou2
戊	bhou7
鵡	bhu2
舞	bhu2
碔	bhu2
武	bhu2
撫	bhu2
憮	bhu2
嫵	bhu2
侮	bhu2
誣	bhu5
蕪	bhu5
廡	bhu5
巫	bhu5
鶩	bhu6
騖	bhu6
婺	bhu6
務	bhu6
霧	bhu7
磨	bhua5
抹	bhuah4
鈸	bhuah8
茇	bhuah8
秣	bhuah8
沫	bhuah8
末	bhuah8
魍	bhuang2
輞	bhuang2
罔	bhuang2
惘	bhuang2
妄	bhuang2
忘	bhuang5
亡	bhuang5
望	bhuang6
尾	bhue2
黴	bhue5
霉	bhue5
酶	bhue5
莓	bhue5
脢	bhue5
煤	bhue5
槑	bhue5
楳	bhue5
梅	bhue5
枚	bhue5
媒	bhue5
未	bhue7
襪	bhueh8
饅	bhueng6
謾	bhueng6
蔓	bhueng6
漫	bhueng6
曼	bhueng6
慢	bhueng6
幕	bhueng6
幔	bhueng6
嫚	bhueng6
墁	bhueng6
萬	bhueng7
蚊	bhung1
燜	bhung1
聞	bhung3
雯	bhung5
閿	bhung5
聞	bhung5
紋	bhung5
紊	bhung5
玫	bhung5
汶	bhung5
旻	bhung5
文	bhung5
抆	bhung5
聞	bhung6
紊	bhung7
懣	bhung7
悶	bhung7
陂	bi1
郫	bi1
裨	bi1
蜱	bi1
蓖	bi1
碑	bi1
砒	bi1
睥	bi1
埤	bi1
魮	bi2
蚍	bi2
蚍	bi2
紕	bi2
稗	bi2
秕	bi2
狴	bi2
毗	bi2
比	bi2
彼	bi2
庀	bi2
妣	bi2
仳	bi2
轡	bi3
賁	bi3
費	bi3
臂	bi3
祕	bi3
痹	bi3
泌	bi3
毖	bi3
庇	bi3
匕	bi3
鼙	bi5
髀	bi5
脾	bi5
琵	bi5
枇	bi5
啤	bi5
𢲾	bi6
鞴	bi6
鞁	bi6
陛	bi6
閉	bi6
蹩	bi6
贔	bi6
被	bi6
蔽	bi6
瞥	bi6
畀	bi6
獘	bi6
斃	bi6
敝	bi6
憋	bi6
憊	bi6
幣	bi6
婢	bi6
備	bi6
俾	bi6
避	bi7
弊	bi7
璧	biah4
壁	biah4
冰	bian1
兵	bian1
餅	bian2
丙	bian2
拚	bian3
併	bian3
鑣	bie1
鏢	bie1
錶	bie1
膘	bie1
標	bie1
表	bie2
裱	bie3
漂	bie3
彆	biek8
別	biek8
鯿	bieng1
鞭	bieng1
邊	bieng1
籩	bieng1
藊	bieng2
萹	bieng2
稨	bieng2
碥	bieng2
扁	bieng2
遍	bieng3
變	bieng3
辯	bieng6
辨	bieng6
汴	bieng6
忭	bieng6
弁	bieng6
卞	bieng6
便	bieng6
鱉	bih4
鉍	bik4
觱	bik4
筆	bik4
必	bik4
蹕	bik8
蓽	bik8
苾	bik8
篳	bik8
癟	bik8
畢	bik8
弼	bik8
嗶	bik8
㿜	bik8
鞭	bin1
邊	bin1
辮	bin1
遍	bin3
辨	bin6
邠	bing1
賓	bing1
豳	bing1
繽	bing1
濱	bing1
浜	bing1
檳	bing1
斌	bing1
彬	bing1
儐	bing1
份	bing1
乒	bing1
箅	bing2
稟	bing2
品	bing2
匾	bing2
鬢	bing3
髕	bing3
遍	bing3
臏	bing3
編	bing3
篦	bing3
殯	bing3
擯	bing3
嬪	bing3
表	biou2
莩	biou2
殍	biou2
婊	biou2
俵	biou2
彪	biu1
陂	bo1
菠	bo1
玻	bo1
波	bo1
嶓	bo1
坡	bo1
啵	bo1
寶	bo2
保	bo2
報	bo3
婆	bo5
薄	bo7
駁	boh4
舶	boh4
鉑	boh8
薄	boh8
箔	boh8
礴	boh8
泊	boh8
捌	boih4
八	boih4
版	boin2
爿	boin5
卜	bok4
蔔	bok8
僕	bok8
甭	bong2
泵	bong5
乓	bong5
鎊	bong7
磅	bong7
埠	bou1
埔	bou1
補	bou2
脯	bou2
斧	bou2
布	bou3
傅	bou3
醅	bou5
部	bou6
踄	bou7
步	bou7
哺	bou7
酺	bu1
逋	bu1
晡	bu1
怖	bu3
布	bu3
富	bu3
佈	bu3
瓠	bu5
煲	bu5
捕	bu6
哺	bu6
簸	bua3
播	bua3
鉢	buah4
缽	buah4
般	buan1
搬	buan1
半	buan3
盤	buan5
飛	bue1
杯	bue1
輩	bue3
貝	bue3
背	bue3
陪	bue5
錇	bue5
醅	bue5
賠	bue5
碚	bue5
培	bue5
𦮷	bue6
鋇	bue6
貝	bue6
誖	bue6
褙	bue6
裴	bue6
蓓	bue6
背	bue6
珮	bue6
狽	bue6
揹	bue6
掊	bue6
悖	bue6
倍	bue6
佩	bue6
焙	bue7
𩓐	buek8
𥎱	buek8
鼥	buek8
鵓	buek8
魃	buek8
餑	buek8
鈸	buek8
跋	buek8
荸	buek8
茇	buek8
脖	buek8
渤	buek8
拔	buek8
孛	buek8
勃	buek8
叛	bueng6
椑	bui1
悲	bui1
埤	bui1
卑	bui1
痱	bui3
疿	bui3
沸	bui3
蜰	bui5
肥	bui5
淝	bui5
吠	bui7
鈈	buk4
抔	buk4
不	buk4
楓	bung1
方	bung1
苯	bung2
笨	bung2
本	bung2
糞	bung3
畚	bung3
拚	bung3
飯	bung7
甭	bvng2
衩	ca1
汊	ca1
杈	ca1
搓	ca1
差	ca1
嵯	ca1
岔	ca1
叉	ca1
䟕	ca1
炒	ca2
蹅	ca3
詫	ca3
礤	ca3
姹	ca3
奼	ca3
仛	ca3
柴	ca5
垞	ca5
鍤	cah4
臿	cah4
歃	cah4
插	cah4
猜	cai1
采	cai2
踩	cai2
綵	cai2
睬	cai2
採	cai2
彩	cai2
菜	cai3
財	cai5
豺	cai5
裁	cai5
纔	cai5
材	cai5
才	cai5
鑔	cak4
錯	cak4
漆	cak4
擦	cak4
搽	cak4
察	cak4
剎	cak4
䃰	cak4
鰂	cak8
鑿	cak8
賊	cak8
驂	cam1
磣	cam1
滲	cam1
攙	cam1
摻	cam1
參	cam1
憯	cam2
慘	cam2
讖	cam3
羼	cam3
懺	cam3
儳	cam3
饞	cam5
讒	cam5
慚	cam5
慙	cam5
巉	cam5
鵮	cam7
鶬	cang1
餐	cang1
鏘	cang1
蹌	cang1
蔥	cang1
蒼	cang1
瑲	cang1
潺	cang1
滄	cang1
戧	cang1
愴	cang1
孱	cang1
創	cang1
傖	cang1
倉	cang1
鏟	cang2
蕆	cang2
剷	cang2
粲	cang3
璨	cang3
燦	cang3
熗	cang3
創	cang3
藏	cang5
田	cang5
殘	cang5
戕	cang5
鈔	cau1
耖	cau1
操	cau1
抄	cau1
剿	cau1
草	cau2
躁	cau3
譟	cau3
藻	cau3
臭	cau3
臊	cau3
燥	cau3
澡	cau3
氉	cau3
操	cau3
慥	cau3
噪	cau3
吵	cau3
螬	cau5
繅	cau5
漕	cau5
曹	cau5
巢	cau5
嘈	cau5
杈	ce1
扠	ce1
差	ce1
尺	ce1
叉	ce1
扯	ce2
廁	ce3
查	ce5
策	ceh4
冊	ceh4
膝	cek4
粟	cek4
測	cek4
槭	cek4
斥	cek4
戚	cek4
慼	cek4
惻	cek4
坼	cek4
嘁	cek4
僳	cek4
側	cek4
鯖	cen1
青	cen1
蜻	cen1
菁	cen1
腥	cen1
生	cen1
氰	cen1
星	cen1
醒	cen2
蜻	ceng1
稱	ceng1
清	ceng1
檉	ceng1
圊	ceng1
偁	ceng1
銃	ceng3
蒨	ceng3
茜	ceng3
稱	ceng3
倩	ceng3
餳	ceng5
橙	ceng5
棖	ceng5
情	ceng5
穿	ceng7
鴟	ci1
鰭	ci1
郪	ci1
蚩	ci1
萋	ci1
篪	ci1
筮	ci1
笞	ci1
癡	ci1
淒	ci1
棲	ci1
差	ci1
媸	ci1
妻	ci1
嗤	ci1
嗜	ci1
褫	ci2
試	ci3
翅	ci3
弒	ci3
刺	ci3
齊	ci5
馳	ci5
遲	ci5
蠐	ci5
蚳	ci5
薺	ci5
墀	ci5
鈰	ci6
市	ci6
飼	ci7
車	cia1
賒	cia1
硨	cia1
奢	cia1
赤	ciah4
鵲	ciak4
雀	ciak4
綽	ciak4
戳	ciak4
請	cian2
且	cian2
鯧	ciang1
閶	ciang1
菖	ciang1
猖	ciang1
昌	ciang1
娼	ciang1
嗆	ciang1
倡	ciang1
闡	ciang2
氅	ciang2
昶	ciang2
敞	ciang2
廠	ciang2
嗆	ciang2
蒨	ciang3
茜	ciang3
唱	ciang3
倡	ciang3
長	ciang5
釺	ciang5
薔	ciang5
萇	ciang5
爿	ciang5
檣	ciang5
嬙	ciang5
笑	cie3
尺	cieh4
呎	cieh4
蓆	cieh8
席	cieh8
趄	ciek4
沏	ciek4
切	ciek4
籤	ciem1
簽	ciem1
扦	ciem1
僉	ciem1
僭	ciem3
纖	ciem5
潜	ciem5
潛	ciem5
殲	ciem5
鎗	cien1
槍	cien1
搶	cien2
牆	cien5
象	cien6
橡	cien6
像	cien6
搶	cien7
匠	cien7
韆	cieng1
阡	cieng1
遷	cieng1
躚	cieng1
芊	cieng1
淺	cieng2
竊	ciep4
妾	ciep4
彳	cih4
蠘	cih8
柒	cik4
拭	cik4
七	cik4
深	cim1
鋟	cim2
寢	cim2
沁	cim3
唚	cim3
吣	cim3
鱘	cim5
駸	cim5
蕁	cim5
潯	cim5
撏	cim5
尋	cim5
侵	cim5
鮮	cin1
齒	cin2
眵	cin2
恥	cin2
侈	cin2
親	cing1
齔	cing3
襯	cing3
稱	cing3
秤	cing3
櫬	cing3
凊	cing3
螓	cing5
臣	cing5
秦	cing5
鍬	ciou1
誚	ciou2
稍	ciou2
潲	ciou2
愀	ciou2
悄	ciou2
峭	ciou2
嘲	ciou2
俏	ciou2
朝	ciou5
晁	ciou5
輯	cip4
蕺	cip4
葺	cip4
緝	cip4
楫	cip4
戢	cip4
鶖	ciu1
鰍	ciu1
鬚	ciu1
鞦	ciu1
鞦	ciu1
鍬	ciu1
萩	ciu1
秋	ciu1
瞅	ciu1
甃	ciu1
湫	ciu1
楸	ciu1
揫	ciu1
揪	ciu1
愀	ciu1
啾	ciu1
初	ciu1
醜	ciu2
掱	ciu2
手	ciu2
漱	ciu3
酬	ciu5
讐	ciu5
讎	ciu5
犨	ciu5
囚	ciu5
售	ciu5
仇	ciu5
樹	ciu7
臊	co1
初	co1
草	co2
礎	co2
楚	co2
錯	co3
銼	co3
糙	co3
鹺	co5
鋤	co5
莝	co5
脞	co5
磋	co5
矬	co5
挫	co5
剉	co5
撮	coh4
千	coin1
仟	coin1
箲	coin2
筅	coin2
蠶	coin5
齪	cok4
鐲	cok4
躅	cok4
蹴	cok4
蹙	cok4
觸	cok4
蠋	cok4
矗	cok4
槭	cok4
斮	cok4
捉	cok4
戳	cok4
促	cok4
亍	cok4
驄	cong1
衷	cong1
衝	cong1
茺	cong1
聰	cong1
翀	cong1
种	cong1
沖	cong1
忡	cong1
匆	cong1
冲	cong1
充	cong1
衝	cong3
蓯	cong5
從	cong5
崇	cong5
觕	cou1
粗	cou1
醋	cou3
輳	cou3
腠	cou3
簉	cou3
湊	cou3
揍	cou3
愁	cou5
騶	cu1
雛	cu1
趨	cu1
芻	cu1
處	cu2
措	cu2
娶	cu2
取	cu2
趣	cu3
覷	cu3
處	cu3
厝	cu3
滁	cu5
徐	cu5
歪	cua2
蔡	cua3
閂	cuan3
闖	cuang2
闖	cuang3
炊	cue1
吹	cue1
髓	cue2
箠	cue5
棰	cue5
找	cue7
輟	cuek4
裰	cuek4
蕞	cuek4
綴	cuek4
撮	cuek4
掇	cuek4
惙	cuek4
嘬	cuek4
啜	cuek4
剟	cuek4
穿	cueng1
皴	cueng1
川	cueng1
湍	cueng2
喘	cueng2
鑹	cueng3
釧	cueng3
躥	cueng3
纂	cueng3
篡	cueng3
竄	cueng3
爨	cueng3
攛	cueng3
串	cueng3
銓	cueng5
醛	cueng5
詮	cueng5
荃	cueng5
筌	cueng5
痊	cueng5
牷	cueng5
栓	cueng5
拴	cueng5
全	cueng5
膪	cui1
璀	cui1
摧	cui1
搋	cui1
推	cui1
崔	cui1
催	cui1
踹	cui2
膗	cui2
脆	cui2
毳	cui2
撬	cui2
揣	cui2
惴	cui2
觜	cui3
翠	cui3
綷	cui3
粹	cui3
碎	cui3
焠	cui3
淬	cui3
嘴	cui3
啐	cui3
齣	cuk4
出	cuk4
椿	cung1
春	cung1
蠢	cung2
荈	cung2
舛	cung2
忖	cung2
寸	cung3
吋	cung3
存	cung5
哧	cv1
鼠	cv2
跐	cv2
泚	cv2
此	cv2
呲	cv2
茨	cv3
次	cv3
廁	cv3
髭	cv5
雌	cv5
訾	cv5
茲	cv5
茨	cv5
糍	cv5
磁	cv5
眦	cv5
眥	cv5
疵	cv5
瓷	cv5
慈	cv5
徐	cv5
兹	cv5
邨	cvng1
艙	cvng1
穿	cvng1
瘡	cvng1
村	cvng1
倉	cvng1
刺	cvng3
牀	cvng5
打	da2
咑	da2
禾	da5
遢	dah4
褡	dah4
耷	dah4
搭	dah4
䐛	dah4
遝	dah8
踏	dah8
沓	dah8
呆	dai1
逮	dai2
歹	dai2
黛	dai3
貸	dai3
襶	dai3
玳	dai3
戴	dai3
岱	dai3
靆	dai6
釱	dai6
逮	dai6
迨	dai6
殆	dai6
怠	dai6
大	dai6
笪	dak4
鐸	dak8
達	dak8
踱	dak8
繨	dak8
碡	dak8
濯	dak8
毒	dak8
度	dak8
墶	dak8
噠	dak8
值	dak8
聃	dam1
耽	dam1
眈	dam1
湛	dam1
萏	dam2
啖	dam6
擔	dan1
儋	dan1
膽	dan2
擔	dan3
呾	dan3
澹	dan6
淡	dan6
氮	dan6
擲	dan6
鐺	dang1
鄲	dang1
襠	dang1
簞	dang1
癉	dang1
璫	dang1
殫	dang1
檔	dang1
東	dang1
坍	dang1
噹	dang1
冬	dang1
丹	dang1
中	dang1
黨	dang2
讜	dang2
董	dang2
等	dang2
癉	dang2
亶	dang2
誕	dang3
蜑	dang3
蛋	dang3
當	dang3
檔	dang3
棟	dang3
旦	dang3
擋	dang3
凍	dang3
陳	dang5
銅	dang5
茼	dang5
筒	dang5
同	dang5
仝	dang5
重	dang6
蕩	dang6
菪	dang6
碭	dang6
盪	dang6
憚	dang6
愓	dang6
宕	dang6
凼	dang6
但	dang6
洞	dang7
峝	dang7
峒	dang7
答	dap4
瘩	dap4
溚	dap4
嗒	dap4
逗	dau1
讀	dau1
篼	dau1
忉	dau1
兜	dau1
陡	dau2
鈄	dau2
蚪	dau2
禱	dau2
燾	dau2
枓	dau2
斗	dau2
搗	dau2
捯	dau2
抖	dau2
找	dau2
島	dau2
倒	dau2
鬥	dau3
骰	dau5
投	dau5
道	dau6
蹈	dau6
纛	dau6
稻	dau6
盜	dau6
導	dau6
豆	dau7
痘	dau7
茶	de5
竺	dek4
竹	dek4
德	dek4
嫡	dek4
鹿	dek8
鏑	dek8
逷	dek8
逖	dek8
迪	dek8
軸	dek8
蟄	dek8
菂	dek8
荻	dek8
翟	dek8
笛	dek8
的	dek8
狄	dek8
特	dek8
滌	dek8
敵	dek8
妯	dek8
嘀	dek8
值	dek8
鄭	den7
靪	deng1
鐙	deng1
釘	deng1
酊	deng1
蹬	deng1
簦	deng1
登	deng1
癥	deng1
症	deng1
疔	deng1
町	deng1
玎	deng1
燈	deng1
汀	deng1
徵	deng1
叮	deng1
仃	deng1
丁	deng1
頂	deng2
酊	deng2
等	deng2
戥	deng2
飣	deng3
鐙	deng3
釘	deng3
訂	deng3
磴	deng3
碇	deng3
矴	deng3
盯	deng3
叮	deng3
凳	deng3
重	deng5
葶	deng5
婷	deng5
亭	deng5
錠	deng6
鄭	deng6
鄧	deng6
躑	deng6
腚	deng6
綻	deng6
𩭲	di1
踟	di1
蜘	di1
羝	di1
祗	di1
知	di1
的	di1
氐	di1
底	di1
呧	di1
低	di1
邸	di2
詆	di2
袛	di2
胝	di2
祗	di2
砥	di2
牴	di2
氐	di2
柢	di2
抵	di2
徵	di2
弤	di2
底	di2
坻	di2
螮	di3
蝃	di3
致	di3
置	di3
緻	di3
碲	di3
知	di3
智	di3
帝	di3
池	di5
雉	di6
隸	di6
銻	di6
逮	di6
棣	di6
悌	di6
彘	di6
弟	di6
娣	di6
治	di7
地	di7
爹	dia1
謫	diah4
擢	diah4
摘	diah4
糴	diah8
鼎	dian2
埕	dian5
呈	dian5
錠	dian6
定	dian7
潮	die5
著	dieh4
着	dieh4
着	dieh8
郅	diek4
迭	diek4
輒	diek4
輊	diek4
軼	diek4
跌	diek4
蜇	diek4
蛭	diek4
膣	diek4
耋	diek4
絰	diek4
窒	diek4
秩	diek4
瓞	diek4
桎	diek4
昳	diek4
抶	diek4
帙	diek4
垤	diek4
喆	diek4
哲	diek4
厔	diek4
跌	diek8
昳	diek8
姪	diek8
侄	diek8
霑	diem1
詀	diem1
覘	diem1
砧	diem1
玷	diem1
沾	diem1
敁	diem1
掂	diem1
點	diem2
踮	diem3
痁	diem3
惦	diem3
店	diem3
埝	diem3
坫	diem3
菾	diem5
甜	diem5
苫	diem6
簟	diem6
弶	dien1
張	dien1
釣	dien3
賬	dien3
脹	dien3
帳	dien3
場	dien5
趙	dien6
丈	dien6
顛	dieng1
癲	dieng1
珍	dieng1
滇	dieng1
巔	dieng1
輾	dieng2
腆	dieng2
碾	dieng2
碘	dieng2
淟	dieng2
搌	dieng2
捵	dieng2
抻	dieng2
展	dieng2
囅	dieng2
典	dieng2
電	dieng6
臀	dieng6
簟	dieng6
癜	dieng6
甸	dieng6
澱	dieng6
淀	dieng6
殿	dieng6
奠	dieng6
墊	dieng6
鍱	diep8
蹀	diep8
諜	diep8
蝶	diep8
牒	diep8
堞	diep8
喋	diep8
蒂	dih4
滴	dih4
啇	dih4
碟	dih8
鍀	dik4
得	dik4
直	dik8
鴆	dim1
酖	dim1
郴	dim1
琛	dim1
燖	dim1
燂	dim1
揕	dim3
掂	dim3
沉	dim5
沈	dim5
朕	dim6
遞	din5
纏	din5
鎮	ding3
藤	ding5
塵	ding5
陣	ding7
鵰	diou1
鯛	diou1
髫	diou1
雕	diou1
貂	diou1
蜩	diou1
苕	diou1
笤	diou1
碉	diou1
汈	diou1
彫	diou1
叼	diou1
刁	diou1
凋	diou1
銱	diou3
窵	diou3
弔	diou3
吊	diou3
條	diou5
旐	diou6
召	diou6
兆	diou6
調	diou7
掉	diou7
岧	diou7
銩	diu1
丟	diu1
酎	diu2
貯	diu2
肘	diu2
杼	diu2
冑	diu2
佇	diu2
綢	diu5
苧	diu6
紂	diu6
籀	diu6
晝	diu6
宙	diu6
敪	do1
敠	do1
多	do1
哆	do1
刀	do1
短	do2
嚲	do2
倒	do2
戴	do3
倒	do3
逃	do5
躲	do5
跺	do5
朵	do5
埵	do5
垛	do5
剁	do5
朵	do6
垛	do6
在	do6
袋	do7
埭	do7
代	do7
踔	doh4
諑	doh4
桌	doh4
啄	doh4
卓	doh4
倬	doh4
擇	doh8
奪	doh8
堤	doi1
底	doi2
題	doi5
蹄	doi5
第	doin6
佃	doin6
𠕇	doin7
靛	doin7
殿	doin7
篤	dok4
築	dok4
筑	dok4
督	dok4
瘃	dok4
琢	dok4
斲	dok4
斫	dok4
黷	dok8
髑	dok8
頓	dok8
逐	dok8
讟	dok8
覿	dok8
纛	dok8
獨	dok8
犢	dok8
牘	dok8
瀆	dok8
涿	dok8
殰	dok8
櫝	dok8
匵	dok8
丼	dom6
鼕	dong1
氡	dong1
東	dong1
忠	dong1
咚	dong1
中	dong1
董	dong2
懂	dong2
蝀	dong3
疼	dong3
湩	dong3
棟	dong3
凍	dong3
中	dong3
重	dong6
動	dong6
仲	dong6
捅	dong7
都	dou1
唗	dou1
肚	dou2
鬥	dou3
廚	dou5
屠	dou5
圖	dou5
餖	dou6
豆	dou6
芏	dou6
脰	dou6
肚	dou6
竇	dou6
杜	dou6
鍍	dou7
渡	dou7
度	dou7
誅	du1
蛛	du1
株	du1
姝	du1
堆	du1
嘟	du1
賭	du2
睹	du2
楮	du2
堵	du2
著	du3
躕	du5
櫥	du5
帶	dua3
舵	dua6
大	dua7
叱	duah4
單	duan1
丹	duan1
旦	duan3
壇	duan5
惰	duan6
裰	due3
綴	due3
兌	due6
耑	dueng1
端	dueng1
鍛	dueng3
煅	dueng3
斷	dueng3
籪	dueng6
篆	dueng6
段	dueng6
椴	dueng6
斷	dueng6
追	dui1
堆	dui1
扯	dui2
碓	dui3
對	dui3
搥	dui5
捶	dui5
懟	dui6
墮	dui6
墜	dui6
隊	dui7
縋	dui7
突	duk8
柮	duk8
朮	duk8
凸	duk8
鈍	dung1
迍	dung1
諄	dung1
胗	dung1
肫	dung1
礅	dung1
盹	dung1
榃	dung1
敦	dung1
撴	dung1
惇	dung1
屯	dung1
墪	dung1
墩	dung1
堆	dung1
囤	dung1
躉	dung2
盾	dung2
噸	dung2
扽	dung3
脣	dung5
窀	dung5
頓	dung6
遁	dung6
砘	dung6
燉	dung6
炖	dung6
沌	dung6
豬	dv1
除	dv5
箸	dv7
鼟	dvng1
鐺	dvng1
當	dvng1
噔	dvng1
轉	dvng2
頓	dvng3
當	dvng3
長	dvng5
腸	dvng5
塘	dvng5
堂	dvng5
唐	dvng5
盪	dvng6
斷	dvng6
丈	dvng6
緞	dvng7
段	dvng7
塅	dvng7
傳	dvng7
誒	e1
耶	e1
揶	e1
啞	e1
啞	e2
耶	e5
廈	e6
吓	e6
下	e6
隘	eh4
阨	eh4
軛	eh4
扼	eh4
嗌	eh4
厄	eh4
鎰	ek4
臆	ek4
肊	ek4
溢	ek4
霱	ek8
譯	ek8
蜴	ek8
腋	ek8
聿	ek8
翼	ek8
翌	ek8
翊	ek8
繹	ek8
溢	ek8
液	ek8
浴	ek8
易	ek8
斁	ek8
掖	ek8
懌	ek8
憶	ek8
弋	ek8
弈	ek8
嶧	ek8
奕	ek8
埸	ek8
億	ek8
亦	ek8
楹	en5
鸚	eng1
鷹	eng1
鶯	eng1
霙	eng1
英	eng1
膺	eng1
翁	eng1
罌	eng1
罃	eng1
纓	eng1
癭	eng1
瓔	eng1
瑛	eng1
櫻	eng1
攖	eng1
應	eng1
嬰	eng1
嚶	eng1
應	eng3
用	eng7
鉸	ga1
虼	ga1
膠	ga1
鉸	ga2
絞	ga2
較	ga3
窖	ga3
玍	ga3
校	ga3
教	ga3
尕	ga3
咬	ga6
咬	ga7
鉀	gah4
胛	gah4
甲	gah4
岬	gah4
合	gah4
階	gai1
陔	gai1
賅	gai1
該	gai1
荄	gai1
秸	gai1
磑	gai1
皆	gai1
楷	gai1
垓	gai1
喈	gai1
偕	gai1
骱	gai3
鈣	gai3
誡	gai3
蚧	gai3
蓋	gai3
芥	gai3
疥	gai3
界	gai3
斠	gai3
戤	gai3
戒	gai3
廨	gai3
岕	gai3
屆	gai3
尬	gai3
价	gai3
介	gai3
丐	gai3
個	gai5
角	gak4
覺	gak4
結	gak4
礐	gak4
桷	gak4
各	gak4
紺	gam1
監	gam1
疳	gam1
甘	gam1
泔	gam1
尷	gam1
感	gam2
鑒	gam3
鑑	gam3
鍳	gam3
監	gam3
淦	gam3
檻	gam3
柑	gan1
橄	gan2
敢	gan2
酵	gan3
間	gang1
酐	gang1
豇	gang1
蕳	gang1
蕑	gang1
菅	gang1
茳	gang1
艱	gang1
罡	gang1
缸	gang1
綱	gang1
竿	gang1
碙	gang1
犴	gang1
江	gang1
杆	gang1
干	gang1
工	gang1
崗	gang1
岡	gang1
姦	gang1
奸	gang1
剛	gang1
乾	gang1
鐧	gang2
講	gang2
耩	gang2
簡	gang2
筧	gang2
澗	gang2
港	gang2
梘	gang2
柬	gang2
擀	gang2
囝	gang2
降	gang3
諫	gang3
絳	gang3
瞷	gang3
瞯	gang3
洚	gang3
榦	gang3
杠	gang3
旰	gang3
幹	gang3
共	gang7
鴿	gap4
蛤	gap4
合	gap4
鮫	gau1
高	gau1
鞲	gau1
鉤	gau1
郊	gau1
轇	gau1
跤	gau1
蛟	gau1
茭	gau1
篝	gau1
睾	gau1
皋	gau1
溝	gau1
櫜	gau1
槔	gau1
枸	gau1
句	gau1
勾	gau1
交	gau1
縞	gau2
皎	gau2
玖	gau2
狡	gau2
狗	gau2
犒	gau2
槁	gau2
枸	gau2
杲	gau2
攪	gau2
搞	gau2
佼	gau2
九	gau2
鋯	gau3
郜	gau3
誥	gau3
夠	gau3
告	gau3
到	gau3
緱	gau5
猴	gau5
厚	gau6
鎵	ge1
袈	ge1
家	ge1
傢	ge1
假	ge2
駕	ge3
稼	ge3
架	ge3
嫁	ge3
價	ge3
耞	ge5
枷	ge5
下	ge6
骼	geh4
隔	geh4
鎘	geh4
膈	geh4
格	geh4
搿	geh4
挌	geh4
硌	geh8
革	gek4
跼	gek4
菊	gek4
翮	gek4
緙	gek4
激	gek4
殛	gek4
檄	gek4
棘	gek4
墼	gek4
侷	gek4
亟	gek4
㦸	gek4
鋦	gek8
湨	gek8
極	gek8
局	gek8
鶊	gen1
賡	gen1
耕	gen1
羹	gen1
更	gen1
庚	gen1
埂	gen1
鯁	gen2
骾	gen2
綆	gen2
梗	gen2
埂	gen2
哽	gen2
頸	gen3
逕	gen3
脛	gen3
粳	gen3
痙	gen3
徑	gen3
勁	gen3
剄	gen3
荊	geng1
經	geng1
矜	geng1
涇	geng1
更	geng1
弓	geng1
宮	geng1
供	geng1
竟	geng2
璟	geng2
景	geng2
憬	geng2
境	geng2
更	geng3
敬	geng3
警	geng6
競	geng6
儆	geng6
礙	ghai7
樂	ghauh8
枒	ghe2
釾	ghe5
衙	ghe5
蚜	ghe5
芽	ghe5
牙	ghe5
砑	ghe7
鈺	ghek8
玉	ghek8
獄	ghek8
疑	ghi5
嶷	ghi5
迓	ghia3
訝	ghia3
琊	ghia5
鵝	gho5
餓	gho7
倪	ghoi5
藝	ghoi7
蓺	ghoi7
囈	ghoi7
蜈	ghou5
吳	ghou5
誤	ghou7
牛	ghu5
外	ghua7
月	ghueh8
刖	ghueh8
魏	ghui7
語	ghv2
馭	ghv6
禦	ghv6
御	ghv6
御	ghv7
𧝞	gi1
饑	gi1
飢	gi1
跂	gi1
譏	gi1
蟣	gi1
萁	gi1
芰	gi1
肌	gi1
箕	gi1
笄	gi1
稽	gi1
磯	gi1
畿	gi1
璣	gi1
歧	gi1
機	gi1
梔	gi1
枝	gi1
期	gi1
朞	gi1
支	gi1
幾	gi1
嵇	gi1
岐	gi1
姬	gi1
基	gi1
嘰	gi1
吱	gi1
乩	gi1
麂	gi2
莒	gi2
紀	gi2
杞	gi2
指	gi2
庋	gi2
幾	gi2
己	gi2
屺	gi2
几	gi2
記	gi3
罽	gi3
繼	gi3
紀	gi3
痣	gi3
洎	gi3
暨	gi3
既	gi3
廄	gi3
碁	gi5
棋	gi5
旗	gi5
旂	gi5
驥	gi6
跽	gi6
覬	gi6
薊	gi6
羈	gi6
窶	gi6
技	gi6
忮	gi6
忌	gi6
履	gi6
妓	gi6
冀	gi6
偈	gi6
伎	gi6
企	gi6
迦	gia1
跏	gia1
葭	gia1
笳	gia1
痂	gia1
珈	gia1
嘉	gia1
咖	gia1
加	gia1
佳	gia1
伽	gia1
賈	gia2
檟	gia2
斝	gia2
假	gia2
寄	gia3
崎	gia6
訐	giah4
揭	giah4
屐	giah8
劇	giah8
麖	gian1
驚	gian1
經	gian1
京	gian1
假	gian2
仔	gian2
鏡	gian3
行	gian5
件	gian6
韁	giang1
蜣	giang1
羌	giang1
繮	giang1
疆	giang1
殭	giang1
姜	giang1
僵	giang1
襁	giang2
強	giang2
叫	gie3
茄	gie5
橋	gie5
藠	gie6
轎	gie7
角	gieh4
腳	gieh4
羯	giek4
潔	giek4
竭	giek8
磔	giek8
桀	giek8
傑	giek8
螊	giem1
蒹	giem1
縑	giem1
兼	giem1
鹼	giem2
碱	giem2
瞼	giem2
減	giem2
檢	giem2
撿	giem2
劍	giem3
鹹	giem5
薑	gien1
強	gien5
鵑	gieng1
鰹	gieng1
鏗	gieng1
蠲	gieng1
蜎	gieng1
涓	gieng1
捐	gieng1
慳	gieng1
娟	gieng1
堅	gieng1
見	gieng3
罥	gieng3
絹	gieng3
狷	gieng3
鍵	gieng6
腱	gieng6
犍	gieng6
毽	gieng6
建	gieng6
健	gieng6
頰	giep4
鋏	giep4
郟	giep4
莢	giep4
篋	giep4
愜	giep4
峽	giep4
劫	giep4
砌	gih4
結	gik4
碣	gik4
橘	gik4
楬	gik4
桔	gik4
揭	gik4
吉	gik4
金	gim1
今	gim1
錦	gim2
禁	gim3
噤	gim3
妗	gim6
見	gin3
墘	gin5
緊	ging2
麴	giok4
麯	giok4
鬻	giok4
鞫	giok4
鞠	giok4
腳	giok4
粥	giok4
掬	giok4
匊	giok4
躬	giong1
芎	giong1
穹	giong1
恭	giong1
共	giong1
龔	giong2
珙	giong2
拱	giong2
驕	giou1
澆	giou1
嬌	giou1
姣	giou1
餃	giou2
繳	giou2
繑	giou2
矯	giou2
皦	giou2
攪	giou2
撟	giou2
嶠	giou2
撬	giou6
給	gip4
急	gip4
芨	gip8
及	gip8
韮	giu2
韭	giu2
赳	giu2
艽	giu2
羑	giu2
糾	giu2
玖	giu2
朹	giu2
九	giu2
究	giu3
救	giu3
球	giu5
糾	giu6
疚	giu6
柩	giu6
咎	giu6
𠹭	go1
高	go1
餻	go1
過	go1
膏	go1
羔	go1
糕	go1
篙	go1
竿	go1
渦	go1
活	go1
歌	go1
撾	go1
哥	go1
蜾	go2
藁	go2
稿	go2
塊	go3
告	go3
划	go3
擱	go5
個	go6
閣	goh4
雞	goi1
階	goi1
街	goi1
指	goi1
解	goi2
改	goi2
計	goi3
解	goi3
疥	goi3
鮭	goi5
易	goi7
裌	goih4
夾	goih4
狹	goih8
夾	goih8
間	goin1
肩	goin1
掮	goin1
趼	goin2
襇	goin2
繭	goin2
揀	goin2
間	goin3
轂	gok4
谷	gok4
蟈	gok4
穀	gok4
瑴	gok4
珏	gok4
玨	gok4
瀔	gok4
榖	gok4
摑	gok4
幗	gok4
國	gok4
嘓	gok4
蚣	gong1
肛	gong1
攻	gong1
工	gong1
功	gong1
公	gong1
贛	gong3
贑	gong3
貢	gong3
灨	gong3
汞	gong3
杠	gong3
戇	gong3
嗊	gong3
供	gong3
戇	gong5
鴣	gou1
辜	gou1
菰	gou1
菇	gou1
罛	gou1
沽	gou1
枯	gou1
孤	gou1
姑	gou1
估	gou1
䬲	gou1
䑩	gou1
鼓	gou2
鈷	gou2
苟	gou2
芶	gou2
臌	gou2
股	gou2
羖	gou2
笱	gou2
牯	gou2
古	gou2
估	gou2
顧	gou3
遘	gou3
轂	gou3
購	gou3
詬	gou3
覯	gou3
構	gou3
斁	gou3
彀	gou3
媾	gou3
妒	gou3
夠	gou3
垢	gou3
冓	gou3
僱	gou3
糊	gou5
靠	gou6
龜	gu1
鴝	gu1
骷	gu1
辜	gu1
軲	gu1
蛄	gu1
痀	gu1
岣	gu1
咕	gu1
呱	gu1
劬	gu1
佝	gu1
韭	gu2
賈	gu2
詁	gu2
蠱	gu2
罟	gu2
瞽	gu2
盬	gu2
嘏	gu2
久	gu2
顧	gu3
錮	gu3
痼	gu3
灸	gu3
泃	gu3
故	gu3
崮	gu3
固	gu3
句	gu3
鵙	gu6
颶	gu6
舅	gu6
犋	gu6
懼	gu6
埧	gu6
具	gu6
俱	gu6
舊	gu7
故	gu7
𧿼	gua1
柯	gua1
呱	gua1
蓋	gua3
䠚	gua5
轕	guah4
葛	guah4
渴	guah4
割	guah4
乖	guai1
柺	guai2
拐	guai2
薈	guai3
蒯	guai3
膾	guai3
繪	guai3
獪	guai3
燴	guai3
澮	guai3
檜	guai3
會	guai3
擓	guai3
怪	guai3
噲	guai3
劊	guai3
儈	guai3
菓	guain2
郭	guak4
漷	guak4
槨	guak4
椁	guak4
廓	guak4
崞	guak4
肝	guan1
稈	guan1
秆	guan1
棺	guan1
桿	guan1
杆	guan1
官	guan1
倌	guan1
乾	guan1
趕	guan2
果	guan2
寡	guan2
剮	guan2
汗	guan7
銧	guang1
誑	guang1
誆	guang1
觥	guang1
胱	guang1
洸	guang1
桄	guang1
光	guang1
迥	guang2
詗	guang2
耿	guang2
綸	guang2
絅	guang2
烱	guang2
炯	guang2
廣	guang2
逛	guang6
瓜	gue1
餜	gue2
菓	gue2
粿	gue2
果	gue2
髻	gue3
過	gue3
郭	gueh4
鴰	guek4
颳	guek4
譎	guek4
訣	guek4
蛞	guek4
瑴	guek4
珏	guek4
玨	guek4
玦	guek4
炔	guek4
決	guek4
栝	guek4
括	guek4
抉	guek4
刮	guek4
决	guek4
䒷	guek4
䀨	guek4
關	guen1
鰥	gueng1
關	gueng1
觀	gueng1
冠	gueng1
鬈	gueng2
館	gueng2
逭	gueng2
菅	gueng2
莞	gueng2
綰	gueng2
綣	gueng2
管	gueng2
琯	gueng2
棬	gueng2
捲	gueng2
鸛	gueng3
顴	gueng3
鑵	gueng3
鏆	gueng3
貫	gueng3
觀	gueng3
罐	gueng3
祼	gueng3
眷	gueng3
盥	gueng3
灌	gueng3
毌	gueng3
摜	gueng3
慣	gueng3
券	gueng3
冠	gueng3
倦	gueng6
鮭	gui1
閨	gui1
跬	gui1
規	gui1
窺	gui1
硅	gui1
皈	gui1
珪	gui1
潙	gui1
歸	gui1
嬀	gui1
奎	gui1
圭	gui1
鬼	gui2
詭	gui2
庋	gui2
幾	gui2
傀	gui2
貴	gui3
癸	gui3
瑰	gui3
桂	gui3
悸	gui3
跪	gui6
危	guin5
縣	guin7
櫃	guin7
匱	guin7
鶻	guk4
骨	guk4
餶	guk4
榾	guk4
猾	guk8
滑	guk8
汩	guk8
搰	guk8
掘	guk8
倔	guk8
軍	gung1
皸	gung1
君	gung1
𥕦	gung2
鯀	gung2
輥	gung2
袞	gung2
衮	gung2
緄	gung2
磙	gung2
滾	gung2
滚	gung2
掍	gung2
棍	gung3
捃	gung3
裠	gung5
裙	gung5
郡	gung6
車	gv1
裾	gv1
琚	gv1
居	gv1
踽	gv2
蒟	gv2
舉	gv2
秬	gv2
矩	gv2
櫸	gv2
柜	gv2
枸	gv2
鋸	gv3
醵	gv6
遽	gv6
踞	gv6
距	gv6
詎	gv6
苣	gv6
秬	gv6
炬	gv6
據	gv6
据	gv6
拒	gv6
巨	gv6
噱	gv6
倨	gv6
嗝	gvh4
鈞	gvng1
跟	gvng1
觔	gvng1
缸	gvng1
筋	gvng1
根	gvng1
斤	gvng1
掆	gvng1
扛	gvng1
巾	gvng1
均	gvng1
饉	gvng2
謹	gvng2
瑾	gvng2
殣	gvng2
槿	gvng2
捲	gvng2
廣	gvng2
廑	gvng2
巹	gvng2
堇	gvng2
卺	gvng2
卷	gvng2
僅	gvng2
靳	gvng3
鋼	gvng3
覲	gvng3
茛	gvng3
艮	gvng3
哏	gvng3
近	gvng6
哈	ha1
孝	ha3
餄	hah4
瓣	hah4
哈	hah4
鉿	hah8
合	hah8
嘿	hai1
嗨	hai1
咳	hai1
海	hai2
嗐	hai2
骸	hai5
駭	hai5
頦	hai5
諧	hai5
徊	hai5
孩	hai5
閡	hai6
邂	hai6
解	hai6
薤	hai6
痎	hai6
瀣	hai6
氦	hai6
械	hai6
懈	hai6
廨	hai6
咳	hai6
亥	hai6
害	hai7
還	hain5
鶡	hak4
鞨	hak4
郝	hak4
遏	hak4
轄	hak4
豁	hak4
謁	hak4
褐	hak4
耠	hak4
瞎	hak4
涸	hak4
洫	hak4
曷	hak4
壑	hak4
喝	hak4
劐	hak4
嶨	hak8
學	hak8
酣	ham1
邯	ham1
蚶	ham1
憨	ham1
喊	ham3
頷	ham5
銜	ham5
菡	ham5
涵	ham5
浛	ham5
晗	ham5
啣	ham5
咸	ham5
含	ham5
函	ham5
撼	ham6
憾	ham6
陷	ham7
頇	hang1
熯	hang1
鼾	hang2
翰	hang2
罕	hang2
稈	hang2
焊	hang2
瀚	hang2
汗	hang2
旰	hang2
捍	hang2
悍	hang2
漢	hang3
夯	hang3
頏	hang5
韓	hang5
降	hang5
邗	hang5
迒	hang5
行	hang5
航	hang5
翰	hang5
絎	hang5
珩	hang5
瀚	hang5
沆	hang5
汗	hang5
桁	hang5
杭	hang5
寒	hang5
夯	hang5
項	hang6
限	hang6
巷	hang7
峽	hap8
齁	hau1
鴞	hau1
饕	hau1
鎬	hau1
酵	hau1
號	hau1
薅	hau1
蒿	hau1
猇	hau1
滈	hau1
枵	hau1
嚎	hau1
嚆	hau1
嗥	hau1
哮	hau1
顥	hau2
皓	hau2
灝	hau2
浩	hau2
昊	hau2
吼	hau2
孝	hau3
豪	hau5
濠	hau5
毫	hau5
壕	hau5
校	hau6
鱟	hau7
效	hau7
効	hau7
候	hau7
好	haun3
蝦	he5
下	he6
廈	he7
夏	he7
嚇	heh4
吓	heh4
黑	hek4
鬩	hek4
閡	hek4
赫	hek4
赩	hek4
覡	hek4
覈	hek4
滆	hek4
核	hek4
劾	hek4
馨	heng1
興	heng1
脝	heng1
胸	heng1
哼	heng1
亨	heng1
擤	heng2
興	heng3
陘	heng5
行	heng5
硎	heng5
王	heng5
桁	heng5
恆	heng5
形	heng5
型	heng5
刑	heng5
行	heng6
莕	heng6
杏	heng6
悻	heng6
幸	heng6
孕	heng6
倖	heng6
頤	hi1
醯	hi1
郗	hi1
羲	hi1
絺	hi1
稀	hi1
禧	hi1
犧	hi1
熹	hi1
熙	hi1
烯	hi1
浠	hi1
欷	hi1
曦	hi1
晞	hi1
希	hi1
巇	hi1
嬉	hi1
嘻	hi1
唏	hi1
兮	hi1
僖	hi1
蟢	hi2
喜	hi2
戲	hi3
屭	hi3
屓	hi3
鼷	hi5
蹊	hi5
豀	hi5
谿	hi5
蠵	hi5
畦	hi5
奚	hi5
跩	hi6
繫	hi6
系	hi6
禊	hi6
曳	hi6
攜	hi6
拽	hi6
勩	hi6
係	hi6
靴	hia1
罅	hia3
暇	hia3
霞	hia5
遐	hia5
瑕	hia5
蟻	hia6
瓦	hia6
下	hia6
瓦	hia7
歇	hiah4
額	hiah8
役	hiah8
兄	hian1
顏	hian5
邢	hian5
艾	hian7
香	hiang1
饗	hiang2
響	hiang2
嚮	hiang2
享	hiang2
餉	hiang3
晌	hiang3
垧	hiang3
嚮	hiang3
向	hiang3
頁	hieh8
葉	hieh8
蠍	hiek4
險	hiem2
慊	hiem5
嫌	hiem5
香	hien1
鄉	hien1
掀	hieng1
顯	hieng2
釁	hieng3
讞	hieng3
絢	hieng3
睍	hieng3
獻	hieng3
憲	hieng3
峴	hieng3
俔	hieng3
賢	hieng5
衒	hieng5
蚿	hieng5
舷	hieng5
眩	hieng5
癇	hieng5
痃	hieng5
玄	hieng5
炫	hieng5
泫	hieng5
嫻	hieng5
嫺	hieng5
陜	hiep8
裌	hiep8
袷	hiep8
蛺	hiep8
脅	hiep8
硤	hiep8
狹	hiep8
浹	hiep8
挾	hiep8
夾	hiep8
叶	hiep8
協	hiep8
俠	hiep8
鑫	him1
歆	him1
熊	him5
絃	hin5
弦	hin5
耳	hin6
眩	hing5
暈	hing5
見	hing7
現	hing7
馥	hiok4
頊	hiok4
隩	hiok4
郁	hiok4
燠	hiok4
煜	hiok4
毓	hiok4
昱	hiok4
旭	hiok4
或	hiok4
勗	hiok4
勖	hiok4
洶	hiong1
汹	hiong1
匈	hiong1
凶	hiong1
兇	hiong1
雄	hiong5
鴞	hiou1
驍	hiou1
邀	hiou1
梟	hiou1
嘵	hiou1
僥	hiou1
曉	hiou2
嬲	hiou5
掀	hioun1
翕	hip4
歙	hip4
麀	hiun1
鵂	hiun1
髹	hiun1
貅	hiun1
攸	hiun1
悠	hiun1
庥	hiun1
幽	hiun1
咻	hiun1
休	hiun1
朽	hiun2
臭	hiun3
糗	hiun3
溴	hiun3
復	hiun3
嗅	hiun3
鍁	hng1
醺	hng1
軒	hng1
薰	hng1
燻	hng1
殷	hng1
欣	hng1
曛	hng1
昕	hng1
方	hng1
掀	hng1
哼	hng1
勳	hng1
勛	hng1
狠	hng2
很	hng2
啈	hng2
哼	hng2
園	hng5
遠	hng6
恨	hng6
𠮾	hng7
擤	hngh4
訶	ho1
呵	ho1
好	ho2
訛	ho3
荷	ho3
耗	ho3
囮	ho3
荷	ho5
河	ho5
和	ho5
何	ho5
龢	ho6
和	ho6
賀	ho7
號	ho7
鶴	hoh8
福	hoh8
蟹	hoi6
蜆	hoin2
莧	hoin7
輻	hok4
複	hok4
蝮	hok4
蝠	hok4
福	hok4
復	hok4
鰒	hok8
覆	hok8
袱	hok8
蜮	hok8
蔛	hok8
菔	hok8
茯	hok8
縠	hok8
洑	hok8
槲	hok8
棫	hok8
服	hok8
斛	hok8
或	hok8
惑	hok8
復	hok8
域	hok8
伏	hok8
風	hong1
鋒	hong1
酆	hong1
轟	hong1
豐	hong1
諷	hong1
葑	hong1
烽	hong1
灃	hong1
峯	hong1
封	hong1
哄	hong1
丰	hong1
蚌	hong2
捧	hong2
唪	hong2
俸	hong2
鬨	hong3
閧	hong3
賵	hong3
諷	hong3
訌	hong3
蕻	hong3
哄	hong3
鴻	hong5
逢	hong5
虹	hong5
紘	hong5
烘	hong5
洪	hong5
泓	hong5
弘	hong5
宏	hong5
鳳	hong6
奉	hong6
轟	hong7
呼	hou1
戽	hou3
葫	hou5
糇	hou5
篌	hou5
瘊	hou5
堠	hou5
侯	hou5
骺	hou6
雨	hou6
逅	hou6
戶	hou6
后	hou6
虎	houn2
琥	houn2
唬	houn2
否	houn2
不	houn2
麩	hu1
鈇	hu1
鄜	hu1
郛	hu1
跗	hu1
趺	hu1
衭	hu1
蜉	hu1
虖	hu1
莩	hu1
膚	hu1
腐	hu1
罅	hu1
砆	hu1
滹	hu1
桴	hu1
枹	hu1
敷	hu1
孵	hu1
孚	hu1
夫	hu1
嘑	hu1
呼	hu1
俘	hu1
伕	hu1
乎	hu1
頫	hu2
釜	hu2
腑	hu2
甫	hu2
父	hu2
滸	hu2
滏	hu2
栩	hu2
府	hu2
俯	hu2
駙	hu3
附	hu3
赴	hu3
賻	hu3
賦	hu3
訃	hu3
拊	hu3
咐	hu3
副	hu3
傅	hu3
付	hu3
仆	hu3
鶘	hu5
鳧	hu5
鬍	hu5
餬	hu5
蝴	hu5
蚨	hu5
苻	hu5
芙	hu5
胡	hu5
糊	hu5
符	hu5
瑚	hu5
猢	hu5
狐	hu5
扶	hu5
弧	hu5
壺	hu5
互	hu5
黼	hu6
鮒	hu6
阜	hu6
酗	hu6
鄠	hu6
輔	hu6
負	hu6
護	hu6
蝜	hu6
穫	hu6
祜	hu6
煦	hu6
滬	hu6
沍	hu6
扈	hu6
怙	hu6
岵	hu6
婦	hu6
冱	hu6
腐	hu7
乎	hu7
驊	hua1
譁	hua1
華	hua1
花	hua1
嘩	hua1
划	hua1
龢	hua5
鏵	hua5
華	hua5
禾	hua5
樺	hua5
和	hua5
禍	hua6
喝	huah4
劃	huah4
隗	huai5
淮	huai5
槐	huai5
懷	huai5
壞	huai6
泛	huam3
汎	huam3
氾	huam3
樊	huam5
凡	huam5
釩	huam6
范	huam6
範	huam6
犯	huam6
患	huam6
凡	huam6
還	huan1
歡	huan1
銲	huan7
釬	huan7
焊	huan7
風	huang1
鈁	huang1
邡	huang1
謊	huang1
荒	huang1
芳	huang1
肪	huang1
肓	huang1
瘋	huang1
枋	huang1
方	huang1
慌	huang1
塃	huang1
坊	huang1
髣	huang2
訪	huang2
舫	huang2
紡	huang2
滉	huang2
晃	huang2
昉	huang2
恍	huang2
怳	huang2
彷	huang2
幌	huang2
倣	huang2
仿	huang2
放	huang3
黌	huang5
鰉	huang5
隍	huang5
防	huang5
遑	huang5
衡	huang5
蟥	huang5
蝗	huang5
蘅	huang5
簧	huang5
篁	huang5
皇	huang5
璜	huang5
煌	huang5
潢	huang5
湟	huang5
惶	huang5
徨	huang5
妨	huang5
坊	huang5
喤	huang5
凰	huang5
砝	huap4
琺	huap4
珐	huap4
法	huap4
詼	hue1
華	hue1
花	hue1
灰	hue1
恢	hue1
鈥	hue2
火	hue2
夥	hue2
伙	hue2
貨	hue3
誨	hue3
歲	hue3
晦	hue3
悔	hue3
化	hue3
迴	hue5
蛔	hue5
茴	hue5
痐	hue5
洄	hue5
廻	hue5
回	hue5
燴	hue6
滙	hue6
會	hue6
匯	hue6
和	hue7
血	hueh4
髮	huek4
發	huek4
閥	huek8
茓	huek8
罰	huek8
筏	huek8
穴	huek8
垡	huek8
伐	huek8
乏	huek8
橫	huen5
貛	hueng1
萑	hueng1
翻	hueng1
番	hueng1
獾	hueng1
歡	hueng1
旛	hueng1
懽	hueng1
幡	hueng1
反	hueng1
返	hueng2
緩	hueng2
反	hueng2
販	hueng3
瘓	hueng3
煥	hueng3
渙	hueng3
換	hueng3
幻	hueng3
奐	hueng3
喚	hueng3
鬟	hueng5
鐶	hueng5
還	hueng5
轘	hueng5
繁	hueng5
礬	hueng5
環	hueng5
煩	hueng5
澴	hueng5
洹	hueng5
樊	hueng5
桓	hueng5
擐	hueng5
寰	hueng5
垣	hueng5
圜	hueng5
飯	hueng6
豢	hueng6
梵	hueng6
宦	hueng6
欻	huh4
麾	hui1
騑	hui1
飛	hui1
非	hui1
霏	hui1
隳	hui1
輝	hui1
菲	hui1
腓	hui1
翬	hui1
翡	hui1
緋	hui1
煇	hui1
暉	hui1
斐	hui1
揮	hui1
扉	hui1
徽	hui1
妃	hui1
墮	hui1
啡	hui1
悱	hui2
卉	hui2
費	hui3
諱	hui3
芾	hui3
肺	hui3
痱	hui3
疿	hui3
狒	hui3
廢	hui3
喙	hui3
剕	hui3
缶	hui5
蟪	hui6
蕙	hui6
蔧	hui6
慧	hui6
惠	hui6
恚	hui6
彗	hui6
譭	huin2
誹	huin2
蜚	huin2
虺	huin2
燬	huin2
毀	huin2
榧	huin2
棐	huin2
匪	huin2
懸	huin5
黻	huk4
髴	huk4
茀	huk4
芾	huk4
艴	huk4
紼	huk4
紱	huk4
笏	huk4
祓	huk4
淴	huk4
沸	huk4
氟	huk4
拂	huk4
惚	huk4
怫	huk4
忽	huk4
彿	huk4
弗	huk4
囫	huk4
唿	huk4
刎	huk4
佛	huk4
覈	huk8
核	huk8
佛	huk8
雰	hung1
閽	hung1
醺	hung1
酚	hung1
薰	hung1
葷	hung1
菸	hung1
芬	hung1
紛	hung1
琿	hung1
燻	hung1
煙	hung1
烟	hung1
渾	hung1
汾	hung1
氛	hung1
棻	hung1
枌	hung1
曛	hung1
暈	hung1
昏	hung1
惛	hung1
婚	hung1
吩	hung1
分	hung1
粉	hung2
憤	hung2
惲	hung2
忿	hung2
訓	hung3
奮	hung3
魂	hung5
餛	hung5
雲	hung5
蕓	hung5
痕	hung5
諢	hung6
溷	hung6
溷	hung6
渾	hung6
混	hung6
圂	hung6
分	hung7
份	hung7
虛	hv1
歔	hv1
墟	hv1
圩	hv1
噓	hv1
許	hv2
魚	hv5
漁	hv5
黟	i1
鷖	i1
餏	i1
銥	i1
衣	i1
繄	i1
猗	i1
漪	i1
於	i1
噫	i1
咿	i1
依	i1
伊	i1
綺	i2
犄	i2
椅	i2
旖	i2
扆	i2
倚	i2
饐	i3
鐿	i3
諡	i3
衣	i3
薏	i3
肄	i3
縊	i3
瘞	i3
殪	i3
曀	i3
憶	i3
意	i3
噫	i3
噎	i3
飴	i5
迻	i5
迤	i5
貽	i5
貤	i5
詒	i5
蛇	i5
荑	i5
胰	i5
簃	i5
移	i5
眙	i5
痍	i5
畦	i5
椸	i5
扅	i5
怡	i5
彝	i5
巵	i5
宧	i5
姨	i5
夷	i5
圯	i5
卮	i5
匜	i5
裔	i6
異	i6
易	i6
懿	i6
咦	i6
呀	ia1
野	ia2
冶	ia2
耶	ia5
爺	ia5
椰	ia5
亦	ia7
也	ia7
益	iah4
驛	iah8
易	iah8
龠	iak4
鑰	iak4
鑠	iak4
躍	iak4
趯	iak4
約	iak4
籥	iak4
爚	iak4
爍	iak4
瀹	iak4
藥	iak8
影	ian2
贏	ian5
營	ian5
鞅	iang1
秧	iang1
泱	iang1
殃	iang1
怏	iang1
央	iang1
養	iang2
蛘	iang2
氧	iang2
映	iang3
颺	iang5
陽	iang5
瘍	iang5
煬	iang5
洋	iang5
楊	iang5
暘	iang5
揚	iang5
徉	iang5
佯	iang5
癢	iang6
漾	iang6
恙	iang6
腰	ie1
舀	ie2
𡩴	ie5
窯	ie5
窑	ie5
姚	ie5
約	ieh4
藥	ieh8
饜	iem1
鞥	iem1
閹	iem1
醃	iem1
腌	iem1
淹	iem1
懨	iem1
崦	iem1
奄	iem1
厭	iem1
鼹	iem2
鼴	iem2
郾	iem2
蝘	iem2
罨	iem2
渰	iem2
掩	iem2
堰	iem2
厴	iem2
剡	iem2
偃	iem2
黶	iem3
魘	iem3
厭	iem3
鹽	iem5
豔	iem7
艷	iem7
琰	iem7
焰	iem7
炎	iem7
灩	iem7
灧	iem7
扊	iem7
鴦	ien1
陽	ien5
鎔	ien5
融	ien5
蛘	ien5
羊	ien5
熔	ien5
煬	ien5
烊	ien5
溶	ien5
洋	ien5
楊	ien5
樣	ien7
鳶	ieng1
閼	ieng1
鄢	ieng1
蔫	ieng1
燕	ieng1
焉	ieng1
湮	ieng1
淵	ieng1
嬿	ieng1
嫣	ieng1
遠	ieng2
兖	ieng2
嚥	ieng3
蜒	ieng5
紈	ieng5
筵	ieng5
湲	ieng5
涎	ieng5
媛	ieng5
衍	ieng6
胤	ieng6
羨	ieng6
爰	ieng6
楥	ieng6
援	ieng6
延	ieng6
兖	ieng6
焉	ieng7
靨	iep4
擫	iep4
擪	iep4
壓	iep4
葉	iep8
燁	iep8
釔	ik4
咽	ik4
乙	ik4
一	ik4
逸	ik8
迭	ik8
軼	ik8
泆	ik8
昳	ik8
妷	ik8
佾	ik8
佚	ik8
音	im1
陰	im1
瘖	im1
愔	im1
喑	im1
飲	im2
蔭	im3
窨	im3
廕	im3
廕	im3
霪	im5
蟫	im5
淫	im5
苢	in2
苡	in2
椅	in2
已	in2
圉	in2
以	in2
燕	in3
芄	in5
紈	in5
圓	in5
丸	in5
院	in7
硯	in7
矣	in7
銦	ing1
鄄	ing1
裀	ing1
茵	ing1
胭	ing1
甄	ing1
煙	ing1
湮	ing1
氤	ing1
姻	ing1
堙	ing1
因	ing1
咽	ing1
蚓	ing2
癮	ing2
引	ing2
印	ing3
鉛	ing5
演	ing5
沿	ing5
寅	ing5
夤	ing5
暈	ing7
鵒	iok8
育	iok8
淯	iok8
浴	iok8
毓	iok8
慾	iok8
峪	iok8
堉	iok8
唷	iok8
饔	iong1
雍	iong1
邕	iong1
薨	iong1
臃	iong1
癰	iong1
灉	iong1
嬴	iong1
踴	iong2
踊	iong2
蛹	iong2
甬	iong2
永	iong2
壅	iong2
勇	iong2
俑	iong2
詠	iong3
湧	iong3
涌	iong3
泳	iong3
擁	iong3
恿	iong3
壅	iong3
咏	iong3
鱅	iong5
顒	iong5
鏞	iong5
鎔	iong5
贏	iong5
蠑	iong5
螢	iong5
融	iong5
蓉	iong5
縈	iong5
盈	iong5
瑩	iong5
營	iong5
熔	iong5
熒	iong5
瀛	iong5
滎	iong5
溶	iong5
榮	iong5
榕	iong5
慵	iong5
庸	iong5
嶸	iong5
容	iong5
嬴	iong5
墉	iong5
塋	iong5
傭	iong5
㼆	iong5
佣	iong6
麼	iou1
邀	iou1
要	iou1
祅	iou1
殀	iou1
幺	iou1
妖	iou1
夭	iou1
喲	iou1
吆	iou1
一	iou1
窈	iou2
要	iou3
鷂	iou5
鰩	iou5
颻	iou5
遙	iou5
謠	iou5
繇	iou5
瑤	iou5
珧	iou5
搖	iou5
徭	iou5
媱	iou5
耀	iou6
燿	iou6
曜	iou6
邑	ip4
浥	ip4
揖	ip4
挹	ip4
悒	ip4
鷗	iu1
耰	iu1
憂	iu1
呦	iu1
優	iu1
黝	iu2
鮪	iu2
酉	iu2
誘	iu2
莠	iu2
肘	iu2
羑	iu2
狖	iu2
牖	iu2
有	iu2
囮	iu2
友	iu2
卣	iu2
鼬	iu5
魷	iu5
鈾	iu5
酋	iu5
郵	iu5
遒	iu5
遊	iu5
蝤	iu5
蝣	iu5
蚰	iu5
蕕	iu5
繇	iu5
疣	iu5
由	iu5
猷	iu5
猶	iu5
游	iu5
油	iu5
有	iu5
尤	iu5
又	iu5
釉	iu6
賄	iu6
莜	iu6
祐	iu6
宥	iu6
囿	iu6
右	iu6
侑	iu6
佑	iu6
柚	iu7
幼	iun3
腳	ka1
豈	ka2
巧	ka2
咔	ka2
卡	ka2
佧	ka2
釦	ka3
扣	ka3
叩	ka3
開	kai1
鐦	kai1
揩	kai1
闓	kai2
鎧	kai2
磑	kai2
皚	kai2
楷	kai2
愷	kai2
塏	kai2
剴	kai2
凱	kai2
溉	kai3
概	kai3
暨	kai3
慨	kai3
愾	kai3
嘅	kai3
麴	kak4
麯	kak4
霍	kak4
藿	kak4
確	kak4
确	kak4
殼	kak4
榷	kak4
旮	kak4
搉	kak4
戛	kak4
慤	kak4
愨	kak4
悫	kak4
恪	kak4
噶	kak4
嘎	kak4
咯	kak4
剋	kak4
克	kak4
催	kak4
龕	kam1
戡	kam1
嵌	kam1
堪	kam1
坩	kam1
闞	kam2
砍	kam2
矙	kam2
瞰	kam2
檻	kam2
嵌	kam2
坎	kam2
磡	kam3
勘	kam3
縴	kang1
空	kang1
牽	kang1
洭	kang1
槺	kang1
慷	kang1
恇	kang1
康	kang1
夼	kang1
匡	kang1
劻	kang1
䆲	kang1
鈧	kang3
空	kang3
炕	kang3
抗	kang3
吭	kang3
匟	kang3
侃	kang3
伉	kang3
亢	kang3
刊	kang5
饁	kap4
闔	kap4
閤	kap4
郃	kap4
磕	kap4
瞌	kap4
盍	kap4
溘	kap4
榼	kap4
搕	kap4
掐	kap4
恰	kap4
嗑	kap4
鬮	kau1
尻	kau1
考	kau2
烤	kau2
栲	kau2
攷	kau2
拷	kau2
口	kau2
靠	kau3
銬	kau3
釦	kau3
扣	kau3
哭	kau3
叩	kau3
揢	keh4
客	keh4
喀	keh4
曲	kek4
擊	kek4
刻	kek4
阬	ken1
坑	ken1
筐	keng1
卿	keng1
兢	keng1
裉	keng2
肯	keng2
掯	keng2
啃	keng2
罄	keng3
磬	keng3
檾	keng3
慶	keng3
黥	keng5
鯨	keng5
莖	keng5
檠	keng5
擎	keng5
扃	keng5
坰	keng5
勍	keng5
蹊	ki1
欺	ki1
欹	ki1
敧	ki1
崎	ki1
齒	ki2
起	ki2
芑	ki2
綮	ki2
棨	ki2
杞	ki2
啓	ki2
䏿	ki2
汽	ki3
氣	ki3
棄	ki3
憩	ki3
愾	ki3
愒	ki3
器	ki3
偈	ki3
亟	ki3
麒	ki5
鰭	ki5
鬐	ki5
騏	ki5
頎	ki5
衹	ki5
蜞	ki5
蚑	ki5
蘄	ki5
芪	ki5
耆	ki5
綦	ki5
祺	ki5
祈	ki5
祇	ki5
祁	ki5
畸	ki5
琪	ki5
琦	ki5
淇	ki5
沂	ki5
歧	ki5
期	ki5
奇	ki5
圻	ki5
其	ki5
俟	ki5
亓	ki5
忌	ki7
奇	kia1
騎	kia3
騎	kia5
跂	kia6
徛	kia6
企	kia6
隙	kiah4
怯	kiak4
卻	kiak4
鏹	kiang5
強	kiang5
黠	kiek4
鱖	kiek4
頡	kiek4
钁	kiek4
鐝	kiek4
鍥	kiek4
蹶	kiek4
詰	kiek4
蠼	kiek4
虢	kiek4
蕨	kiek4
纈	kiek4
籰	kiek4
矍	kiek4
瘈	kiek4
獗	kiek4
湨	kiek4
橛	kiek4
桔	kiek4
攫	kiek4
擷	kiek4
撅	kiek4
揳	kiek4
挈	kiek4
拮	kiek4
恝	kiek4
嶡	kiek4
孑	kiek4
噘	kiek4
厥	kiek4
㵐	kiek4
謙	kiem1
歉	kiem2
慊	kiem2
嗛	kiem2
欠	kiem3
鉗	kiem5
鈐	kiem5
緘	kiem5
箝	kiem5
拑	kiem5
芡	kiem6
儉	kiem6
腔	kien1
騫	kieng1
褰	kieng1
虔	kieng1
汧	kieng1
搴	kieng1
愆	kieng1
岍	kieng1
遣	kieng2
蹇	kieng2
譴	kieng2
謇	kieng2
繾	kieng2
畎	kieng2
甽	kieng2
犬	kieng2
乾	kieng5
𡼲	kim1
襟	kim1
衿	kim1
衾	kim1
欽	kim1
嶔	kim1
撳	kim2
鈐	kim5
禽	kim5
琴	kim5
檎	kim5
擒	kim5
噙	kim5
輕	king1
烴	king1
氫	king1
蛐	kiok4
氪	kiok4
曲	kiok4
可	kiok4
克	kiok4
鞏	kiong2
恐	kiong2
邛	kiong5
跫	kiong5
蛩	kiong5
藭	kiong5
筇	kiong5
窮	kiong5
蹺	kiou1
磽	kiou1
橋	kiou1
敲	kiou1
竅	kiou3
鞽	kiou5
蹻	kiou5
蕎	kiou5
荍	kiou5
翹	kiou5
橇	kiou5
喬	kiou5
僑	kiou5
䀉	kiou5
級	kip4
笈	kip4
泣	kip4
汲	kip4
歙	kip4
岌	kip4
圾	kip4
吸	kip4
龜	kiu1
鳩	kiu1
蚯	kiu1
虯	kiu1
坵	kiu1
丘	kiu1
逑	kiu5
賕	kiu5
裘	kiu5
求	kiu5
俅	kiu5
仇	kiu5
輠	ko1
軻	ko1
苛	ko1
舸	ko1
窠	ko1
稞	ko1
疴	ko1
珂	ko1
牁	ko1
柯	ko1
戈	ko1
髁	ko2
騍	ko2
顆	ko2
涸	ko2
棵	ko2
岢	ko2
坷	ko2
哿	ko2
可	ko2
錁	ko3
鸂	koi1
溪	koi1
契	koi3
莢	koih4
𣟄	kok4
鵠	kok4
酷	kok4
觳	kok4
梏	kok4
柝	kok4
嚳	kok4
哭	kok4
告	kok4
箜	kong1
空	kong1
崆	kong1
孔	kong2
倥	kong2
鞚	kong3
空	kong3
控	kong3
𥸱	kou1
箍	kou1
圈	kou1
呼	kou1
許	kou2
苦	kou2
褲	kou3
蔻	kou3
絝	kou3
庫	kou3
寇	kou3
驅	ku1
駒	ku1
邱	ku1
軀	ku1
袪	ku1
胠	ku1
祛	ku1
瞘	ku1
樞	ku1
朐	ku1
摳	ku1
拘	ku1
嶇	ku1
坵	ku1
區	ku1
刳	ku1
傴	ku1
佉	ku1
臼	ku6
桕	ku6
跨	kua1
誇	kua1
胯	kua1
挎	kua1
垮	kua1
咵	kua1
侉	kua1
䯞	kua1
褂	kua3
罫	kua3
罣	kua3
掛	kua3
挂	kua3
闊	kuah4
筷	kuai3
快	kuai3
擴	kuak4
彍	kuak4
孑	kuak4
逛	kuang1
眶	kuang1
框	kuang1
圈	kuang1
傾	kuang1
頃	kuang2
鑛	kuang3
鄺	kuang3
貺	kuang3
礦	kuang3
況	kuang3
曠	kuang3
擴	kuang3
壙	kuang3
瓊	kuang5
狂	kuang5
煢	kuang5
惸	kuang5
魁	kue1
詼	kue1
蝌	kue1
稞	kue1
科	kue1
盔	kue1
恢	kue1
踝	kue3
課	kue3
卦	kue3
瘸	kue5
闕	kueh4
闋	kueh4
缺	kueh4
髖	kueng1
肱	kueng1
寬	kueng1
傾	kueng1
頃	kueng2
款	kueng2
踡	kueng5
蜷	kueng5
權	kueng5
惓	kueng5
窟	kuh4
開	kui1
虧	kui1
巋	kui1
軌	kui2
簋	kui2
晷	kui2
宄	kui2
匭	kui2
季	kui3
魁	kui5
馗	kui5
逵	kui5
葵	kui5
睽	kui5
暌	kui5
揆	kui5
戣	kui5
夔	kui5
饋	kui6
餽	kui6
蕢	kui6
簣	kui6
瞶	kui6
瞶	kui6
潰	kui6
憒	kui6
愧	kui6
媿	kui6
匱	kui6
詘	kuk4
窟	kuk4
窘	kuk4
矻	kuk4
搰	kuk4
崛	kuk4
屈	kuk4
堀	kuk4
倔	kuk4
髡	kung1
醌	kung1
琨	kung1
焜	kung1
昆	kung1
崑	kung1
崐	kung1
堃	kung1
坤	kung1
麕	kung2
麇	kung2
閫	kung2
蕈	kung2
菌	kung2
綑	kung2
窘	kung2
梱	kung2
捆	kung2
悃	kung2
壼	kung2
囷	kung2
睏	kung3
困	kung3
麕	kung5
麇	kung5
羣	kung5
拳	kung5
去	kv3
衢	kv5
蘧	kv5
蕖	kv5
磲	kv5
瞿	kv5
癯	kv5
璩	kv5
渠	kv5
氍	kv5
佢	kv5
乞	kvk4
糠	kvng1
粇	kvng1
懇	kvng2
墾	kvng2
勸	kvng3
芹	kvng5
勤	kvng5
鞡	la1
旯	la1
拉	la1
垃	la1
嘞	la1
喇	la1
啦	la1
剌	la1
朥	la5
邋	lah4
瘌	lah4
擸	lah4
鬣	lah8
鑞	lah8
辣	lah8
躐	lah8
蠟	lah8
臘	lah8
獵	lah8
賚	lai3
睞	lai3
徠	lai3
錸	lai5
萊	lai5
淶	lai5
梨	lai5
崍	lai5
來	lai5
賴	lai6
內	lai6
碌	lak4
陸	lak8
樂	lak8
叻	lak8
力	lak8
六	lak8
覽	lam2
艦	lam2
腩	lam2
纜	lam2
欖	lam2
檻	lam2
攬	lam2
搿	lam2
䚀	lam2
襤	lam5
蝻	lam5
藍	lam5
罱	lam5
男	lam5
楠	lam5
嵐	lam5
婪	lam5
囡	lam5
喃	lam5
南	lam5
灠	lam6
濫	lam6
齉	lang2
饢	lang2
赧	lang2
曩	lang2
攮	lang2
懶	lang2
囔	lang2
囊	lang2
儾	lang2
鱗	lang5
零	lang5
難	lang5
闌	lang5
閬	lang5
鑭	lang5
踉	lang5
讕	lang5
螂	lang5
蘭	lang5
膿	lang5
聾	lang5
籠	lang5
稂	lang5
礱	lang5
瑯	lang5
琅	lang5
狼	lang5
爛	lang5
瀾	lang5
浪	lang5
欄	lang5
榔	lang5
斕	lang5
攔	lang5
廊	lang5
啷	lang5
蒗	lang6
爛	lang6
浪	lang6
朗	lang6
弄	lang6
難	lang7
褸	lau1
銠	lau2
蔞	lau2
荖	lau2
耮	lau2
老	lau2
簍	lau2
潦	lau2
栳	lau2
姥	lau2
佬	lau2
澇	lau3
勞	lau3
耬	lau5
癆	lau5
留	lau5
牢	lau5
漊	lau5
流	lau5
樓	lau5
撈	lau5
嶗	lau5
嘮	lau5
勞	lau5
劉	lau5
老	lau6
瘻	lau7
漏	lau7
叻	leh4
鬲	leh8
靂	leh8
藶	leh8
礫	leh8
皪	leh8
癧	leh8
瀝	leh8
歷	leh8
櫪	leh8
櫟	leh8
曆	leh8
嚦	leh8
鰳	lek8
陸	lek8
轢	lek8
菉	lek8
肋	lek8
綠	lek8
泐	lek8
氯	lek8
屴	lek8
勒	lek8
仂	lek8
鈴	leng1
隴	leng2
攆	leng2
龍	leng5
齡	leng5
鴒	leng5
鯪	leng5
靈	leng5
零	leng5
陵	leng5
酃	leng5
蛉	leng5
薐	leng5
菱	leng5
舲	leng5
能	leng5
聆	leng5
翎	leng5
羚	leng5
綾	leng5
睖	leng5
甯	leng5
瓴	leng5
玲	leng5
獰	leng5
濘	leng5
淩	leng5
泠	leng5
櫺	leng5
檸	leng5
楞	leng5
棱	leng5
擰	leng5
拎	leng5
愣	leng5
寧	leng5
塄	leng5
囹	leng5
嚨	leng5
另	leng5
凌	leng5
伶	leng5
苓	leng6
甯	leng6
佞	leng6
令	leng6
鯉	li2
鋰	li2
里	li2
醴	li2
邐	li2
裏	li2
蠡	li2
膂	li2
理	li2
澧	li2
浬	li2
李	li2
旅	li2
履	li2
娌	li2
哩	li2
俚	li2
攦	li3
黧	li5
黎	li5
鸝	li5
魑	li5
驪	li5
離	li5
醨	li5
酈	li5
螭	li5
藜	li5
罹	li5
籬	li5
璃	li5
狸	li5
犛	li5
犁	li5
灕	li5
漓	li5
摛	li5
嫠	li5
厘	li5
劙	li5
剺	li5
麗	li6
鱺	li6
詈	li6
蠣	li6
蜊	li6
蒞	li6
莉	li6
荔	li6
糲	li6
礪	li6
砅	li6
盭	li6
癘	li6
痢	li6
猁	li6
捩	li6
戾	li6
唳	li6
厲	li6
勵	li6
利	li6
儷	li6
哩	li7
吏	li7
俐	li7
例	li7
掠	liah8
略	liak8
撂	liak8
魎	liang2
輛	liang2
兩	liang2
倆	liang2
量	liang5
良	liang5
粱	liang5
涼	liang5
樑	liang5
椋	liang5
梁	liang5
量	liang6
諒	liang6
晾	liang6
喨	liang6
亮	liang6
鴷	liek8
鬣	liek8
趔	liek8
茢	liek8
篥	liek8
烈	liek8
溧	liek8
洌	liek8
栗	liek8
慄	liek8
列	liek8
凓	liek8
冽	liek8
傈	liek8
黏	liem1
粘	liem1
撚	liem1
拈	liem1
瀲	liem2
殮	liem2
斂	liem2
撚	liem2
捻	liem2
𥺴	liem3
鮎	liem5
鬑	liem5
鐮	liem5
蠊	liem5
臁	liem5
簾	liem5
濂	liem5
廉	liem5
帘	liem5
奩	liem5
匳	liem5
念	liem6
埝	liem6
念	liem7
唸	liem7
臉	lieng2
璉	lieng2
鰱	lieng5
鏈	lieng5
連	lieng5
聯	lieng5
漣	lieng5
憐	lieng5
躪	lieng6
藺	lieng6
吝	lieng6
鏈	lieng7
鍊	lieng7
練	lieng7
煉	lieng7
楝	lieng7
粒	liep8
裂	lih8
咧	lih8
檩	lim2
懍	lim2
廩	lim2
凜	lim2
霖	lim5
臨	lim5
琳	lim5
淋	lim5
林	lim5
輦	ling2
麟	ling5
鱗	ling5
鰱	ling5
鄰	ling5
遴	ling5
轔	ling5
磷	ling5
瞵	ling5
疄	ling5
燐	ling5
嶙	ling5
釕	liou2
蓼	liou2
撩	liou2
了	liou2
了	liou3
鷯	liou5
鐐	liou5
醪	liou5
遼	liou5
蹽	liou5
聊	liou5
繚	liou5
瞭	liou5
療	liou5
瘳	liou5
獠	liou5
燎	liou5
潦	liou5
撩	liou5
撈	liou5
寮	liou5
寥	liou5
嘹	liou5
僚	liou5
料	liou7
廖	liou7
尥	liou7
立	lip8
綹	liu2
柳	liu2
餾	liu3
霤	liu3
遛	liu3
罶	liu3
籀	liu3
瀏	liu3
溜	liu3
𨻧	liu5
騮	liu5
飀	liu5
遛	liu5
硫	liu5
瘤	liu5
留	liu5
琉	liu5
流	liu5
榴	liu5
旒	liu5
嘍	liu5
僇	liu5
餾	liu7
鎦	liu7
咯	lo1
裹	lo2
裸	lo2
蓏	lo2
潦	lo2
佬	lo2
騾	lo5
鑼	lo5
邏	lo5
覼	lo5
蠃	lo5
螺	lo5
蘿	lo5
腡	lo5
羅	lo5
籮	lo5
瘰	lo5
牢	lo5
漯	lo5
欏	lo5
囉	lo5
駱	loh8
落	loh8
犖	loh8
摞	loh8
禮	loi2
犁	loi5
籬	loi7
笠	loih8
麓	lok8
駱	lok8
餎	lok8
雒	lok8
陸	lok8
錄	lok8
鉻	lok8
酪	lok8
逯	lok8
轆	lok8
輅	lok8
貉	lok8
絡	lok8
簏	lok8
祿	lok8
碌	lok8
甪	lok8
珞	lok8
烙	lok8
濼	lok8
漉	lok8
淥	lok8
洛	lok8
樂	lok8
摝	lok8
戮	lok8
咯	lok8
僇	lok8
隴	long2
籠	long2
攏	long2
壠	long2
壟	long2
隆	long5
農	long5
蘢	long5
膿	long5
窿	long5
穠	long5
矓	long5
癃	long5
瓏	long5
瀧	long5
濃	long5
櫳	long5
朧	long5
曨	long5
噥	long5
儂	long5
弄	long6
鹵	lou2
滷	lou2
櫓	lou2
露	lou3
鱸	lou5
鑪	lou5
蘆	lou5
爐	lou5
廬	lou5
陋	lou6
露	lou7
路	lou7
摟	lu1
夵	lu1
嘍	lu1
魯	lu2
鑥	lu2
褸	lu2
虜	lu2
蔞	lu2
縷	lu2
簍	lu2
氌	lu2
櫓	lu2
擄	lu2
屢	lu2
塿	lu2
嚕	lu2
僂	lu2
鸕	lu5
髏	lu5
顱	lu5
鏤	lu5
轤	lu5
轆	lu5
螻	lu5
蘆	lu5
蔞	lu5
臚	lu5
瞜	lu5
盧	lu5
瀘	lu5
櫨	lu5
摟	lu5
廬	lu5
嶁	lu5
婁	lu5
僂	lu5
鷺	lu6
賂	lu6
珞	lu6
潞	lu6
籮	lua5
賴	lua7
辣	luah8
閱	luek4
捋	luek4
埒	luek4
劣	luek4
餪	lueng2
煖	lueng2
暖	lueng2
卵	lueng2
㬉	lueng2
臠	lueng3
攣	lueng3
戀	lueng3
孿	lueng3
孌	lueng3
鸞	lueng5
鑾	lueng5
灤	lueng5
欒	lueng5
巒	lueng5
孿	lueng5
圞	lueng5
亂	lueng6
鐳	lui1
誄	lui2
蕾	lui2
蕊	lui2
耒	lui2
纍	lui2
縲	lui2
累	lui2
磊	lui2
彙	lui2
嫘	lui2
壘	lui2
儡	lui2
雷	lui5
鐳	lui5
檑	lui5
擂	lui5
累	lui6
淚	lui6
泪	lui6
類	lui7
羸	lui7
累	lui7
鷸	luk8
葎	luk8
聿	luk8
矞	luk8
率	luk8
律	luk8
嫰	lung3
嫩	lung3
輪	lung5
綸	lung5
淪	lung5
掄	lung5
圇	lung5
倫	lung5
侖	lung5
論	lung6
汝	lv2
您	lv2
女	lv2
你	lv2
驢	lv5
閭	lv5
櫚	lv5
鋁	lv6
濾	lv6
慮	lv6
呂	lv6
侶	lv6
姆	m2
嘸	m6
唔	m6
麽	ma1
麼	ma1
媽	ma1
嘛	ma1
嗎	ma1
馬	ma2
螞	ma2
瑪	ma2
媽	ma2
嗎	ma2
麽	ma3
麼	ma3
嬷	mah4
嬤	mah4
勿	mai3
霾	mai5
薶	mai5
埋	mai5
邁	mai6
鉬	mak8
茉	mak8
目	mak8
嚜	mak8
嘜	mak8
輓	mang2
蠓	mang2
蟒	mang2
莽	mang2
挽	mang2
𣙷	mang5
閩	mang5
鋩	mang5
邙	mang5
蠻	mang5
虻	mang5
茫	mang5
芒	mang5
硭	mang5
氓	mang5
忙	mang5
網	mang6
緩	mang7
慢	mang7
夢	mang7
耄	mau2
髦	mau5
鍪	mau5
酕	mau5
蟊	mau5
蝥	mau5
茅	mau5
矛	mau5
犛	mau5
牦	mau5
氂	mau5
毛	mau5
旄	mau5
貌	mau6
瑁	mau6
毷	mau6
毣	mau6
媢	mau6
冒	mau6
蜢	me2
猛	me2
夜	me3
暝	me5
夜	me5
駡	me7
罵	me7
咩	meh4
霢	meh8
脉	meh8
脈	meh8
驀	mek8
陌	mek8
貊	mek8
汨	mek8
冪	mek8
錳	meng2
酩	meng2
茗	meng2
皿	meng2
鳴	meng5
銘	meng5
螟	meng5
虻	meng5
蓂	meng5
萌	meng5
茗	meng5
瞑	meng5
盲	meng5
盟	meng5
甍	meng5
溟	meng5
洺	meng5
暝	meng5
明	meng5
冥	meng5
孟	meng6
命	meng6
瞇	mi1
咪	mi1
乜	mi1
靡	mi2
芈	mi2
羋	mi2
瞇	mi2
眯	mi2
亹	mi2
麋	mi5
醚	mi5
郿	mi5
迷	mi5
蘼	mi5
縻	mi5
糜	mi5
穈	mi5
湄	mi5
棉	mi5
敉	mi5
劘	mi5
謎	mi6
袂	mi6
媚	mi6
麵	mi7
麪	mi7
名	mia5
命	mia7
黽	mieng2
鰵	mieng2
靦	mieng2
閔	mieng2
腼	mieng2
緬	mieng2
眄	mieng2
澠	mieng2
湣	mieng2
湎	mieng2
浼	mieng2
沔	mieng2
敏	mieng2
憫	mieng2
愍	mieng2
娩	mieng2
勉	mieng2
冕	mieng2
免	mieng2
偭	mieng2
丏	mieng2
緬	mieng5
綿	mieng5
乜	mih4
默	mik8
謐	mik8
覓	mik8
衊	mik8
蠛	mik8
蔑	mik8
滅	mik8
密	mik8
宓	mik8
緡	ming5
眠	ming5
泯	ming5
民	ming5
抿	ming5
岷	ming5
面	ming7
喵	miou1
邈	miou2
藐	miou2
緲	miou2
窅	miou2
秒	miou2
眇	miou2
渺	miou2
淼	miou2
杳	miou2
杪	miou2
錨	miou5
苗	miou5
瞄	miou5
描	miou5
妙	miou6
眸	miu5
饃	mo1
芼	mo1
嘛	mo1
孬	mo2
魔	mo5
謨	mo5
蟆	mo5
蘑	mo5
毛	mo5
模	mo5
摹	mo5
摩	mo5
嫫	mo5
莫	mo6
暮	mo6
慕	mo6
幕	mo6
墓	mo6
募	mo6
望	mo7
麽	moh4
麼	moh4
膜	moh8
瘼	moh8
漠	moh8
霂	mok8
鏌	mok8
鄚	mok8
莫	mok8
苜	mok8
繆	mok8
穆	mok8
睦	mok8
疫	mok8
牧	mok8
沒	mok8
沐	mok8
歿	mok8
寞	mok8
冒	mok8
万	mok8
某	mong2
懵	mong2
懞	mong2
貿	mong3
謀	mong5
蠓	mong5
蛑	mong5
蒙	mong5
艨	mong5
礞	mong5
矇	mong5
瞀	mong5
眸	mong5
牟	mong5
濛	mong5
檬	mong5
朦	mong5
曚	mong5
摸	mong5
幪	mong5
哞	mong5
侔	mong5
袤	mong6
茂	mong6
懋	mong6
滿	mua2
麻	mua5
鰻	mua5
顢	mua5
蔴	mua5
瞞	mua5
痲	mua5
每	mue2
糜	mue5
魅	mue6
秣	mue6
沬	mue6
昧	mue6
寐	mue6
妹	mue7
物	mueh8
靺	muek8
末	muek8
鎂	mui2
美	mui2
娓	mui2
薇	mui5
微	mui5
吻	muk4
刎	muk4
疫	muk8
沒	muk8
殁	muk8
晚	mung2
門	mung5
捫	mung5
們	mung5
璺	mung7
問	mung7
那	na1
哪	na1
鎿	na2
那	na2
拿	na2
拏	na2
哪	na2
藍	na5
籃	na5
鼐	nai2
迺	nai2
褦	nai2
廼	nai2
奶	nai2
倷	nai2
乃	nai2
迺	nai6
賴	nai6
萘	nai6
耐	nai6
籟	nai6
癩	nai6
瀨	nai6
氖	nai6
柰	nai6
廼	nai6
奈	nai6
乃	nai6
搦	nak8
捺	nak8
俺	nang2
儂	nang5
人	nang5
肭	nap4
鈉	nap8
諾	nap8
訥	nap8
衲	nap8
納	nap8
吶	nap8
鐃	nau1
硇	nau1
猱	nau1
澆	nau1
撓	nau1
呶	nau1
腦	nau2
瑙	nau2
惱	nau2
孬	nau2
鬧	nau6
弩	nau6
努	nau6
鬧	nau7
姈	ne1
呢	ne1
冷	ne2
衵	nek8
肉	nek8
溺	nek8
昵	nek8
搦	nek8
慝	nek8
恧	nek8
匿	nek8
蒽	ng1
秧	ng1
摁	ng1
恩	ng1
隱	ng2
尹	ng2
黃	ng5
隍	ng5
磺	ng5
嗯	ng6
嗯	ng7
㕶	ng7
睚	ngai5
涯	ngai5
捱	ngai5
崖	ngai5
呆	ngai5
厓	ngai5
艾	ngai6
砹	ngai6
岸	ngai6
刈	ngai6
乂	ngai6
鶚	ngak8
鱷	ngak8
鰐	ngak8
顎	ngak8
鍔	ngak8
鄂	ngak8
諤	ngak8
萼	ngak8
腭	ngak8
愕	ngak8
嶽	ngak8
岳	ngak8
噩	ngak8
癌	ngam5
巗	ngam5
巖	ngam5
岩	ngam5
昂	ngang1
眼	ngang2
顏	ngang5
言	ngang5
雁	ngang6
贗	ngang6
贋	ngang6
諺	ngang6
彥	ngang6
唁	ngang6
囂	ngau1
嗷	ngau1
鰲	ngau5
驁	ngau5
餚	ngau5
鏊	ngau5
遨	ngau5
螯	ngau5
聱	ngau5
翱	ngau5
獒	ngau5
爻	ngau5
熬	ngau5
淆	ngau5
洨	ngau5
殽	ngau5
敖	ngau5
廒	ngau5
嶅	ngau5
崤	ngau5
奡	ngau6
傲	ngau6
硬	nge6
勁	nge6
逆	ngek8
議	ngi2
擬	ngi2
儗	ngi2
鬩	ngi3
誼	ngi3
睨	ngi3
堄	ngi3
囈	ngi3
麑	ngi5
鯢	ngi5
霓	ngi5
羿	ngi5
猊	ngi5
毅	ngi5
宜	ngi5
儀	ngi5
倪	ngi5
義	ngi6
劓	ngi6
刈	ngi6
乂	ngi6
䴊	ngi6
雅	ngia2
鎳	ngiak8
謔	ngiak8
虐	ngiak8
蘗	ngiak8
臬	ngiak8
瘧	ngiak8
櫱	ngiak8
孽	ngiak8
仰	ngiang2
龑	ngiem2
玁	ngiem2
儼	ngiem2
閻	ngiem5
釅	ngiem5
嚴	ngiem5
驗	ngiem7
騐	ngiem7
研	ngieng1
妍	ngieng1
迎	ngieng5
凝	ngieng5
鄴	ngiep8
業	ngiep8
黔	ngim5
芩	ngim5
涔	ngim5
崯	ngim5
崟	ngim5
岑	ngim5
吟	ngim5
貓	ngiou1
蟯	ngiou5
蕘	ngiou5
嶢	ngiou5
堯	ngiou5
嘵	ngiou5
喁	ngo3
隅	ngo5
鋨	ngo5
訛	ngo5
蛾	ngo5
虞	ngo5
莪	ngo5
禺	ngo5
硪	ngo5
梧	ngo5
愚	ngo5
嵎	ngo5
峨	ngo5
娥	ngo5
喁	ngo5
哦	ngo5
俄	ngo5
遇	ngo6
晤	ngo6
悟	ngo6
寤	ngo6
寓	ngo6
迕	ngou2
藕	ngou2
耦	ngou2
忤	ngou2
午	ngou2
偶	ngou2
伍	ngou2
伍	ngou6
仵	ngou6
五	ngou6
頑	ngueng2
阮	ngueng2
玩	ngueng2
黿	ngueng5
顏	ngueng5
螈	ngueng5
蒝	ngueng5
芫	ngueng5
羱	ngueng5
源	ngueng5
沅	ngueng5
塬	ngueng5
原	ngueng5
刓	ngueng5
元	ngueng5
願	ngueng6
愿	ngueng6
隗	ngui5
懸	ngui5
巍	ngui5
嵬	ngui5
危	ngui5
僞	ngui6
齧	ngvk4
迄	ngvk4
訖	ngvk4
紇	ngvk4
疙	ngvk4
屹	ngvk4
契	ngvk4
圪	ngvk4
囓	ngvk4
嚙	ngvk4
喫	ngvk4
吃	ngvk4
仡	ngvk4
誾	ngvng3
齦	ngvng5
齗	ngvng5
銀	ngvng5
鄞	ngvng5
狺	ngvng5
垠	ngvng5
嚚	ngvng5
呢	ni1
襧	ni2
獼	ni2
瀰	ni2
染	ni2
彌	ni2
弭	ni2
泥	ni3
怩	ni3
鈮	ni5
泥	ni5
旎	ni5
年	ni5
尼	ni5
妮	ni5
呢	ni5
奶	ni6
㖸	nia1
領	nia2
嶺	nia2
兩	nie2
量	nie5
糧	nie5
樑	nie5
梁	nie5
孃	nie5
娘	nie5
𣵀	niep4
顳	niep4
隉	niep4
鑷	niep4
躡	niep4
讋	niep4
苶	niep4
聶	niep4
灄	niep4
湼	niep4
涅	niep4
攝	niep4
揑	niep4
捏	niep4
懾	niep4
囁	niep4
恁	ning2
裊	niou2
蔦	niou2
溺	niou2
嫋	niou2
皺	niou3
鈕	niu2
衄	niu2
紐	niu2
狃	niu2
扭	niu2
忸	niu2
妞	niu2
繆	niu5
謬	niu6
繆	niu6
駑	no3
耨	no3
糯	no3
砮	no3
懦	no3
努	no3
榔	no5
挪	no5
弩	no5
帑	no5
孥	no5
娜	no5
儺	no5
貳	no6
兩	no6
二	no6
怒	no7
蓮	noi5
楝	noi7
奴	nou1
奴	nou5
爛	nua7
攔	nua7
餒	nue2
釹	nvng2
輭	nvng2
軟	nvng2
蠕	nvng2
蝡	nvng2
女	nvng2
郎	nvng5
莨	nvng5
瓤	nvng5
卵	nvng6
阿	o1
訶	o1
萵	o1
窩	o1
渦	o1
屙	o1
媧	o1
婀	o1
噢	o1
啊	o1
呵	o1
倭	o1
襖	o2
隩	o3
澳	o3
懊	o3
嶴	o3
奧	o3
圫	o3
蚝	o5
菏	o5
荷	o5
荷	o6
臥	o6
嚄	o6
喔	o7
哦	o7
呃	oh4
厄	oh4
學	oh8
挨	oi1
矮	oi2
會	oi3
鞋	oi5
狹	oih8
閒	oin5
閑	oin5
齷	ok4
鋈	ok4
渥	ok4
沃	ok4
握	ok4
幄	ok4
屋	ok4
喔	ok4
翁	ong1
嗡	ong1
䩺	ong1
蓊	ong3
盎	ong3
唪	ong6
訇	ong7
鎢	ou1
烏	ou1
嫗	ou2
胡	ou5
湖	ou5
芋	ou7
趴	pa1
脬	pa1
泡	pa6
拍	pah4
打	pah4
啪	pah4
霈	pai3
蒎	pai3
茷	pai3
湃	pai3
派	pai3
沛	pai3
旆	pai3
趴	pak4
膊	pak4
搏	pak4
博	pak4
伏	pak4
雹	pak8
爆	pak8
瀑	pak8
曝	pak8
暴	pak8
怕	pan3
冇	pan3
香	pang1
蜂	pang1
芳	pang1
攀	pang1
紡	pang2
襻	pang3
盼	pang3
嗙	pang3
龐	pang5
鰟	pang5
霶	pang5
逄	pang5
螃	pang5
蒡	pang5
航	pang5
膀	pang5
篷	pang5
甏	pang5
滂	pang5
旁	pang5
徬	pang5
彷	pang5
彭	pang5
帆	pang5
尨	pang5
傍	pang5
縫	pang7
鉋	pau1
褒	pau1
爮	pau1
拋	pau1
刨	pau1
跑	pau2
砲	pau3
炮	pau3
泡	pau3
袍	pau5
瓟	pau5
炮	pau5
庖	pau5
咆	pau5
匏	pau5
抱	pau6
帕	pe3
𤏡	pek4
魄	pek4
霹	pek4
闢	pek4
辟	pek4
襞	pek4
薜	pek4
蔔	pek4
碧	pek4
甓	pek4
珀	pek4
擘	pek4
擗	pek4
匐	pek4
劈	pek4
蟛	pen5
膨	pen5
澎	pen5
彭	pen5
烹	peng1
拼	peng1
姘	peng1
騁	peng3
聘	peng3
娉	peng3
鬅	peng5
評	peng5
苹	peng5
秤	peng5
硼	peng5
砰	peng5
枰	peng5
朋	peng5
抨	peng5
怦	peng5
平	peng5
坪	peng5
狉	pi1
披	pi1
帔	pi1
鄙	pi2
邳	pi2
苤	pi2
痞	pi2
圮	pi2
嚭	pi2
呸	pi2
否	pi2
丕	pi2
譬	pi3
濞	pi3
淠	pi3
嬖	pi3
媲	pi3
埤	pi3
貔	pi5
脾	pi5
羆	pi5
疲	pi5
屁	pi6
癖	piah4
僻	piah4
聘	pian3
坪	pian5
票	pie3
萍	pie5
鰾	pie6
撇	piek4
蹁	pieng1
褊	pieng1
蝙	pieng1
翩	pieng1
編	pieng1
篇	pieng1
犏	pieng1
扁	pieng1
偏	pieng1
便	pieng1
騙	pieng3
諞	pieng3
瓣	pieng3
片	pieng3
趴	pih4
疋	pik4
匹	pik4
鼻	pin7
貶	ping2
砭	ping2
牝	ping2
屏	ping2
顰	ping5
頻	ping5
貧	ping5
蘋	ping5
瓶	ping5
瀕	ping5
濱	ping5
摒	ping5
屏	ping5
驃	piou1
飈	piou1
飆	piou1
飄	piou1
飃	piou1
鑣	piou1
鏢	piou1
螵	piou1
薸	piou1
縹	piou1
瞟	piou1
瘭	piou1
瓢	piou1
漂	piou1
標	piou1
杓	piou1
朴	piou1
剽	piou1
嫖	piou5
漂	piu3
芣	piu5
罘	piu5
頗	po2
鉕	po2
跛	po2
笸	po2
叵	po2
皤	po5
婆	po5
抱	po6
粕	poh4
批	poi1
辦	poin7
稗	poin7
瓣	poin7
鏷	pok4
釙	pok4
醭	pok4
蹼	pok4
璞	pok4
濮	pok4
樸	pok4
朴	pok4
撲	pok4
幞	pok4
仆	pok4
捧	pong2
膀	pong3
碰	pong3
鵬	pong5
蓬	pong5
芃	pong5
縫	pong5
鋪	pou1
舖	pou1
鐠	pou2
譜	pou2
裒	pou2
脯	pou2
甫	pou2
溥	pou2
浦	pou2
氆	pou2
普	pou2
掊	pou2
圃	pou2
匍	pou2
剖	pou2
舖	pou3
簿	pou6
蜉	pu5
蒲	pu5
蒱	pu5
葡	pu5
菩	pu5
莆	pu5
涪	pu5
浮	pu5
破	pua3
婆	pua5
癶	puah4
潑	puah4
撥	puah4
撇	puah4
番	puan1
潘	puan1
伴	puan6
胚	pue1
坯	pue1
配	pue3
鈹	pue5
裴	pue5
皮	pue5
被	pue6
𠱀	pueh8
潑	puek4
鄱	pueng1
藩	pueng1
藩	pueng1
膰	pueng1
璠	pueng1
燔	pueng1
墦	pueng1
胖	pueng3
絆	pueng3
畔	pueng3
泮	pueng3
柈	pueng3
拌	pueng3
判	pueng3
蹯	pueng5
蹣	pueng5
蟠	pueng5
磐	pueng5
盤	pueng5
槃	pueng5
噗	puh4
呸	pui2
屁	pui3
啐	pui3
錛	pung1
賁	pung1
奔	pung1
逩	pung3
濆	pung3
噴	pung3
盆	pung5
湓	pung5
墳	pung5
孕	reng6
媵	reng6
兒	ri5
餌	ri7
珥	ri7
牸	ri7
寺	ri7
字	ri7
刵	ri7
佴	ri7
二	ri7
惹	ria2
喏	ria2
偌	ria2
蒻	riak8
若	riak8
篛	riak8
箬	riak8
弱	riak8
𧟄	riang2
釀	riang2
禳	riang2
瀼	riang2
攘	riang2
壤	riang2
嚷	riang2
攘	riang5
扔	riang5
讓	riang6
橈	rie5
尿	rie7
熱	riek8
髯	riem2
蚺	riem2
蚦	riem2
苒	riem2
染	riem2
冉	riem2
燃	rieng5
然	rieng5
撚	rieng5
另	rieng5
念	riep8
廿	riep8
讋	rih4
念	rih8
廿	rih8
日	rik8
飪	rim2
韌	rim2
軔	rim2
訒	rim2
衽	rim2
荏	rim2
紝	rim2
紉	rim2
稔	rim2
牣	rim2
忍	rim2
妊	rim2
刃	rim2
仞	rim2
賃	rim6
恁	rim6
壬	rim6
任	rim6
任	rim7
仁	ring5
人	ring5
認	ring7
爪	riou2
沼	riou2
擾	riou2
抓	riou2
遶	riou3
繞	riou3
縐	riou3
饒	riou5
橈	riou5
嬈	riou5
入	rip8
煣	riu2
糅	riu3
鞣	riu5
蹂	riu5
猱	riu5
柔	riu5
揉	riu5
辱	rok8
褥	rok8
蓐	rok8
縟	rok8
溽	rok8
氄	rong2
扔	rong2
冗	rong2
茸	rong5
羢	rong5
絨	rong5
礽	rong5
狨	rong5
毧	rong5
戎	rong5
仍	rong5
茹	ru2
窳	ru2
癒	ru2
汝	ru2
月	ru2
愈	ru2
孺	ru2
乳	ru2
顬	ru5
隃	ru5
銣	ru5
諛	ru5
覦	ru5
襦	ru5
蠕	ru5
蝓	ru5
薷	ru5
萸	ru5
茹	ru5
臾	ru5
腴	ru5
窬	ru5
瘐	ru5
瑜	ru5
濡	ru5
渝	ru5
洳	ru5
毹	ru5
榆	ru5
揄	ru5
挐	ru5
愉	ru5
庾	ru5
嵛	ru5
崳	ru5
孺	ru5
如	ru5
嚅	ru5
儒	ru5
俞	ru5
逾	ru6
踰	ru6
諭	ru6
裕	ru6
籲	ru6
喻	ru6
熱	ruah8
挼	rue5
銳	rue6
蚋	rue6
睿	rue6
芮	rue7
汭	rue7
枘	rue7
說	ruek8
悅	ruek8
轉	rueng2
纘	rueng2
纂	rueng2
入	ruh8
唯	rui2
維	rui5
濰	rui5
惟	rui5
帷	rui5
遺	rui6
唯	rui6
狁	rung2
吮	rung2
允	rung2
潤	rung6
閏	rung7
鉺	rv2
邇	rv2
耳	rv2
璽	rv2
爾	rv2
洱	rv2
汝	rv2
婼	rv2
而	rv5
貳	rv6
膩	rv6
字	rv6
女	rv6
耳	rv7
莎	sa1
筲	sa1
沙	sa1
撒	sa3
啥	sa6
傻	sa6
鰓	sai1
西	sai1
腮	sai1
獅	sai1
犀	sai1
樨	sai1
思	sai1
駛	sai2
屎	sai2
使	sai2
鎩	sai3
賽	sai3
灑	sai3
曬	sai3
婿	sai3
塞	sai3
使	sai3
柿	sai6
鎩	sak4
虱	sak4
薩	sak4
撒	sak4
塞	sak4
剎	sak4
釤	sam1
穇	sam1
毿	sam1
杉	sam1
三	sam1
糝	sam2
糂	sam2
衫	san1
叄	san1
叁	san1
仨	san1
三	san1
鬆	sang1
雙	sang1
跚	sang1
芟	sang1
舢	sang1
膻	sang1
珊	sang1
瀧	sang1
澘	sang1
潸	sang1
姍	sang1
刪	sang1
滻	sang2
㾪	sang2
霰	sang3
送	sang3
訕	sang3
疝	sang3
氙	sang3
喪	sang3
𧐔	sap4
𢶍	sap4
颯	sap4
靸	sap4
卅	sap4
騷	sau1
鞘	sau1
蛸	sau1
艄	sau1
梢	sau1
搔	sau1
捎	sau1
掃	sau3
埽	sau3
嘯	sau3
嗽	sau3
哨	sau3
裟	se1
紗	se1
些	se1
儕	se5
飾	sek4
銫	sek4
釋	sek4
郝	sek4
適	sek4
軾	sek4
識	sek4
蟋	sek4
螫	sek4
螅	sek4
蜥	sek4
色	sek4
窸	sek4
穸	sek4
穡	sek4
碩	sek4
矽	sek4
皙	sek4
瑟	sek4
熄	sek4
湜	sek4
淅	sek4
汐	sek4
殖	sek4
植	sek4
栻	sek4
析	sek4
晳	sek4
晰	sek4
擲	sek4
悉	sek4
息	sek4
式	sek4
媳	sek4
奭	sek4
夕	sek4
埴	sek4
嗇	sek4
熟	sek8
腥	sen1
生	sen1
牲	sen1
省	sen2
性	sen3
姓	sen3
陞	seng1
腥	seng1
笙	seng1
眚	seng1
甥	seng1
甡	seng1
生	seng1
猩	seng1
牲	seng1
昇	seng1
旌	seng1
惺	seng1
升	seng1
勝	seng1
勝	seng3
誠	seng5
承	seng5
成	seng5
乘	seng5
丞	seng5
盛	seng6
嵊	seng6
乘	seng6
鷥	si1
詩	si1
蓍	si1
葹	si1
絲	si1
硒	si1
樨	si1
施	si1
屍	si1
尸	si1
司	si1
郤	si2
豕	si2
蓰	si2
葸	si2
矢	si2
死	si2
枲	si2
弛	si2
屣	si2
始	si2
兕	si2
肆	si3
四	si3
勢	si3
世	si3
鰣	si5
辭	si5
蒔	si5
時	si5
塒	si5
匙	si5
視	si6
蒔	si6
氏	si6
是	si6
恃	si6
峙	si6
侍	si6
逝	si7
豉	si7
誓	si7
視	si7
筮	si7
示	si7
噬	si7
捨	sia2
寫	sia2
赦	sia3
謝	sia3
舍	sia3
猞	sia3
瀉	sia3
捨	sia3
厙	sia3
卸	sia3
邪	sia5
畲	sia5
斜	sia5
佘	sia5
社	sia6
麝	sia7
謝	sia7
榭	sia7
射	sia7
錫	siah4
峭	siah4
削	siah4
席	siah8
屑	siak4
削	siak4
聲	sian1
聖	sian3
成	sian5
城	sian5
𣛮	sian7
驤	siang1
觴	siang1
襄	siang1
穰	siang1
相	siang1
瓤	siang1
瀼	siang1
湯	siang1
湘	siang1
殤	siang1
愓	siang1
墒	siang1
商	siang1
勷	siang1
想	siang2
相	siang3
詳	siang5
裳	siang5
翔	siang5
祥	siang5
徜	siang5
庠	siang5
常	siang5
嫦	siang5
象	siang6
尚	siang6
上	siang6
相	sie1
燒	sie1
小	sie2
惜	sieh4
設	siek4
褻	siek4
楔	siek4
纖	siem1
森	siem1
參	siem1
陝	siem2
閃	siem2
苫	siem2
睒	siem2
䀹	siem2
贍	siem5
蟾	siem5
蟬	siem5
檐	siem5
暹	siem5
孅	siem5
嬋	siem5
鑲	sien1
箱	sien1
廂	sien1
傷	sien1
賞	sien2
相	sien3
像	sien3
鱨	sien5
常	sien5
嚐	sien5
嘗	sien5
償	sien5
想	sien6
邵	sien7
籼	sieng1
秈	sieng1
祆	sieng1
仙	sieng1
鯗	sieng2
鮮	sieng2
鮝	sieng2
銑	sieng2
跣	sieng2
蜃	sieng2
蘚	sieng2
矧	sieng2
癬	sieng2
燹	sieng2
洗	sieng2
尠	sieng2
尟	sieng2
哂	sieng2
冼	sieng2
騸	sieng3
煽	sieng3
搧	sieng3
扇	sieng3
蟬	sieng5
禪	sieng5
澶	sieng5
嬗	sieng5
單	sieng5
鱔	sieng6
闡	sieng6
鄯	sieng6
蟮	sieng6
膳	sieng6
腎	sieng6
繕	sieng6
禪	sieng6
擅	sieng6
墡	sieng6
單	sieng6
善	sieng6
霎	siep4
澀	siep4
倏	siep4
躞	siep8
絏	siep8
紲	siep8
燮	siep8
渫	siep8
涉	siep8
洩	siep8
泄	siep8
薛	sih4
契	sih4
食	sih8
蝕	sih8
室	sik4
失	sik4
殖	sik8
實	sik8
蓡	sim1
芯	sim1
心	sim1
讅	sim2
諗	sim2
稔	sim2
瀋	sim2
沈	sim2
沁	sim2
慎	sim2
審	sim2
嬸	sim2
諶	sim5
葚	sim5
忱	sim5
伈	sim5
甚	sim6
扇	sin3
騂	sing1
鋅	sing1
辛	sing1
身	sing1
薪	sing1
莘	sing1
紳	sing1
砷	sing1
申	sing1
新	sing1
呻	sing1
伸	sing1
迅	sing3
訊	sing3
芯	sing3
汛	sing3
囟	sing3
信	sing3
辰	sing5
蠅	sing5
蜃	sing5
繩	sing5
神	sing5
澠	sing5
晨	sing5
宸	sing5
娠	sing5
剩	sing7
餿	siou1
鞘	siou1
霄	siou1
鎪	siou1
銷	siou1
逍	siou1
謏	siou1
蠨	siou1
螋	siou1
蛸	siou1
蕭	siou1
蒐	siou1
翛	siou1
綃	siou1
簫	siou1
筲	siou1
硝	siou1
瀟	siou1
溲	siou1
消	siou1
梢	siou1
搜	siou1
捎	siou1
宿	siou1
宵	siou1
𤞚	siou2
謏	siou2
篠	siou2
筱	siou2
小	siou2
篠	siou3
筱	siou3
數	siou3
少	siou3
韶	siou6
邵	siou6
肖	siou6
肇	siou6
紹	siou6
召	siou6
卲	siou6
劭	siou6
隰	sip4
濕	sip4
溼	sip4
鰼	sip8
襲	sip8
習	sip8
拾	sip8
嶍	sip8
什	sip8
饈	siu1
脩	siu1
羞	siu1
梳	siu1
收	siu1
修	siu1
首	siu2
箒	siu2
帚	siu2
守	siu2
鏽	siu3
銹	siu3
袖	siu3
繡	siu3
綉	siu3
秀	siu3
琇	siu3
獸	siu3
狩	siu3
岫	siu3
宿	siu3
泅	siu5
綬	siu6
授	siu6
受	siu6
壽	siu7
蔬	so1
莎	so1
疏	so1
梭	so1
桫	so1
搓	so1
挲	so1
娑	so1
嗦	so1
唆	so1
鎖	so2
瑣	so2
所	so2
嫂	so2
嗩	so2
疏	so3
鱈	soh4
雪	soh4
索	soh4
𦭶	soi1
嘶	soi1
灑	soi2
洗	soi2
洒	soi2
細	soi3
𩐅	soih4
先	soin1
餗	sok4
速	sok4
謖	sok4
觫	sok4
蔌	sok4
蓿	sok4
菽	sok4
肅	sok4
縮	sok4
索	sok4
簌	sok4
漱	sok4
溯	sok4
淑	sok4
涑	sok4
束	sok4
寂	sok4
夙	sok4
塑	sok4
嗦	sok4
叔	sok4
贖	sok8
續	sok8
屬	sok8
孰	sok8
塾	sok8
俗	sok8
鬆	song1
嵩	song1
聳	song2
竦	song2
慫	song2
悚	song2
宋	song3
菘	song5
淞	song5
松	song5
凇	song5
頌	song6
誦	song6
訟	song6
颼	sou1
酥	sou1
蘇	sou1
穌	sou1
甦	sou1
謏	sou2
藪	sou2
艘	sou2
瞍	sou2
溲	sou2
擻	sou2
廋	sou2
嗖	sou2
叟	sou2
瘦	sou3
漱	sou3
鬚	su1
須	su1
需	su1
輸	su1
舒	su1
胥	su1
紓	su1
糈	su1
濡	su1
湑	su1
樗	su1
樗	su1
抒	su1
嬃	su1
囌	su1
黍	su2
褚	su2
翥	su2
署	su2
緒	su2
渚	su2
杼	su2
杵	su2
曙	su2
暑	su2
攄	su2
抒	su2
墅	su2
訴	su3
膆	su3
絮	su3
素	su3
溯	su3
數	su3
愬	su3
愫	su3
恕	su3
庶	su3
塑	su3
嗉	su3
蜍	su5
殳	su5
殊	su5
豎	su6
漵	su6
樹	su6
敘	su6
序	su6
㴻	su6
鯊	sua1
砂	sua1
痧	sua1
沙	sua1
徙	sua2
煞	suah4
殺	suah4
宿	suah4
甩	suai2
榱	suain7
蒴	suak4
槊	suak4
朔	suak4
數	suak4
搠	suak4
嗍	suak4
汕	suan1
山	suan1
產	suan2
散	suan2
饊	suan3
繖	suan3
線	suan3
綫	suan3
汕	suan3
散	suan3
傘	suan3
腺	suan5
諼	suang1
萱	suang1
瑄	suang1
煊	suang1
渲	suang1
楦	suang1
楥	suang1
暄	suang1
揎	suang1
悛	suang1
宣	suang1
喧	suang1
顙	suang2
磉	suang2
爽	suang2
搡	suang2
嗓	suang2
衰	sue1
蛻	sue3
稅	sue3
歲	sue3
戍	sue3
帨	sue3
帥	sue3
㲓	sue3
說	sueh4
涮	sueh4
唰	sueh4
刷	sueh4
宣	sueng1
選	sueng2
汆	sueng3
璿	sueng5
漩	sueng5
旋	sueng5
鏇	sueng7
銑	sueng7
璿	sueng7
璇	sueng7
雖	sui1
蕤	sui1
蓑	sui1
荽	sui1
縗	sui1
簑	sui1
榱	sui1
巂	sui2
嶲	sui2
隨	sui5
隧	sui5
隋	sui5
陲	sui5
邃	sui5
遂	sui5
誰	sui5
綏	sui5
箠	sui5
穟	sui5
燧	sui5
棰	sui5
垂	sui5
圌	sui5
睡	sui6
瑞	sui6
繐	sui7
穗	sui7
𨄮	suk4
蟀	suk4
窣	suk4
甩	suk4
摔	suk4
戌	suk4
恤	suk4
卹	suk4
述	suk8
術	suk8
沭	suk8
飱	sung1
飧	sung1
蓀	sung1
猻	sung1
孫	sung1
筍	sung2
笋	sung2
榫	sung2
損	sung2
遜	sung3
舜	sung3
瞬	sung3
巽	sung3
噀	sung3
鶉	sung5
馴	sung5
醇	sung5
郇	sung5
詢	sung5
蓴	sung5
蒓	sung5
荀	sung5
絢	sung5
純	sung5
珣	sung5
淳	sung5
洵	sung5
殉	sung5
栒	sung5
旬	sung5
恂	sung5
循	sung5
徇	sung5
巡	sung5
峋	sung5
屯	sung5
侚	sung5
順	sung6
颸	sv1
鍶	sv1
螄	sv1
虒	sv1
舒	sv1
緦	sv1
私	sv1
澌	sv1
斯	sv1
撕	sv1
思	sv1
廝	sv1
師	sv1
嘶	sv1
史	sv2
駟	sv3
賜	sv3
肆	sv3
笥	sv3
泗	sv3
思	sv3
儩	sv3
辭	sv5
詞	sv5
祠	sv5
嗣	sv5
食	sv6
茌	sv6
耜	sv6
祀	sv6
涘	sv6
汜	sv6
嶼	sv6
峙	sv6
姒	sv6
士	sv6
嗣	sv6
俟	sv6
似	sv6
伺	sv6
仕	sv6
什	sv6
事	sv6
事	sv7
霜	svng1
酸	svng1
痠	svng1
桑	svng1
孫	svng1
孀	svng1
喪	svng1
䘮	svng1
耍	svng2
蒜	svng3
算	svng3
筭	svng3
鉈	ta1
怹	ta1
它	ta1
她	ta1
他	ta1
趿	tah4
塔	tah4
疊	tah8
苔	tai1
篩	tai1
呔	tai2
鈦	tai3
泰	tai3
汰	tai3
態	tai3
太	tai3
傣	tai3
鮐	tai5
駘	tai5
颱	tai5
邰	tai5
薹	tai5
臺	tai5
檯	tai5
擡	tai5
待	tai6
韃	tak4
闥	tak4
蹋	tak4
踢	tak4
澾	tak4
溻	tak4
橐	tak4
榻	tak4
撻	tak4
搨	tak4
拓	tak4
塌	tak4
讀	tak8
貪	tam1
探	tam3
郯	tam5
贉	tam5
譚	tam5
談	tam5
覃	tam5
蟫	tam5
蕁	tam5
罎	tam5
罈	tam5
痰	tam5
澹	tam5
潭	tam5
曇	tam5
撣	tam5
撢	tam5
壜	tam5
蹚	tam7
趟	tam7
䠀	tam7
鏜	tang1
蹚	tang1
蟶	tang1
湯	tang1
坍	tang1
噸	tang1
䠀	tang1
靼	tang2
钂	tang2
鉭	tang2
躺	tang2
趟	tang2
袒	tang2
疸	tang2
淌	tang2
毯	tang2
桶	tang2
怛	tang2
忐	tang2
妲	tang2
坦	tang2
儻	tang2
倘	tang2
賺	tang3
歎	tang3
嘆	tang3
亙	tang3
醣	tang5
鄌	tang5
赯	tang5
蟲	tang5
螳	tang5
螗	tang5
膛	tang5
瞠	tang5
溏	tang5
檀	tang5
棠	tang5
搪	tang5
彈	tang5
塘	tang5
堂	tang5
唐	tang5
𩷽	tap4
錔	tap4
褟	tap4
塌	tap8
韜	tau1
縧	tau1
絛	tau1
滔	tau1
洮	tau1
搯	tau1
媮	tau1
叨	tau1
偷	tau1
透	tau3
套	tau3
鼗	tau5
頭	tau5
陶	tau5
醄	tau5
燾	tau5
濤	tau5
淘	tau5
掏	tau5
幬	tau5
啕	tau5
䖳	te7
宅	teh8
姹	teh8
奼	teh8
仛	teh8
鷘	tek4
鶒	tek4
騭	tek4
飭	tek4
陟	tek4
鋱	tek4
趯	tek4
禿	tek4
磔	tek4
敕	tek4
搐	tek4
慝	tek4
惕	tek4
忒	tek4
忑	tek4
剔	tek4
倜	tek4
撑	ten1
撐	ten1
窗	teng1
汀	teng1
懲	teng1
鋌	teng2
郢	teng2
逞	teng2
艇	teng2
穎	teng2
潁	teng2
梃	teng2
挺	teng2
聽	teng3
騰	teng5
霆	teng5
酲	teng5
謄	teng5
蜓	teng5
莛	teng5
瞪	teng5
瞠	teng5
町	teng5
澄	teng5
澂	teng5
滕	teng5
渟	teng5
汀	teng5
廷	teng5
庭	teng5
婷	teng5
塍	teng5
停	teng5
體	ti2
諦	ti3
褫	ti3
薙	ti3
翅	ti3
締	ti3
睇	ti3
滯	ti3
涕	ti3
替	ti3
屜	ti3
嚏	ti3
啻	ti3
剃	ti3
鵜	ti5
緹	ti5
綈	ti5
禔	ti5
提	ti5
持	ti5
啼	ti5
痔	ti6
拆	tiah4
聽	tian1
廳	tian1
程	tian5
呈	tian5
鬯	tiang3
暢	tiang3
挑	tie1
糶	tie3
轍	tiek4
澈	tiek4
撤	tiek4
徹	tiek4
添	tiem1
餂	tiem2
諂	tiem2
舔	tiem2
掭	tiem2
忝	tiem2
恬	tiem5
天	tieng1
蕆	tieng2
闐	tieng5
鈿	tieng5
纏	tieng5
瞋	tieng5
畋	tieng5
瀍	tieng5
滇	tieng5
廛	tieng5
填	tieng5
嗔	tieng5
佃	tieng5
貼	tiep4
帖	tiep4
鐵	tih4
添	tin1
天	tin1
陳	ting5
蓄	tiok4
畜	tiok4
搐	tiok4
迢	tiou1
祧	tiou1
挑	tiou1
窕	tiou2
眺	tiou2
佻	tiou2
銚	tiou3
跳	tiou3
超	tiou3
調	tiou3
艞	tiou3
調	tiou5
砫	tiou6
柱	tiou6
抽	tiu1
醜	tiu2
丑	tiu2
斢	tiu3
躊	tiu5
裯	tiu5
籌	tiu5
疇	tiu5
濤	tiu5
幬	tiu5
儔	tiu5
胎	to1
討	to2
炧	to2
橢	to2
妥	to2
唾	to2
退	to3
褪	to3
蛻	to3
鼧	to5
鼉	to5
鴕	to5
鮀	to5
駝	to5
馱	to5
陀	to5
酡	to5
跎	to5
萄	to5
砣	to5
沱	to5
桃	to5
柁	to5
坨	to5
託	toh4
蘀	toh4
籜	toh4
搨	toh4
拓	toh4
托	toh4
庹	toh4
駝	toh8
釵	toi1
替	toi3
代	toi3
代	toih4
體	toin2
看	toin2
𣟄	tok4
柝	tok4
通	tong1
統	tong2
寵	tong2
塚	tong2
冢	tong2
痛	tong3
慟	tong3
酮	tong5
艟	tong5
胴	tong5
童	tong5
瞳	tong5
疃	tong5
烔	tong5
潼	tong5
洞	tong5
桐	tong5
曈	tong5
憧	tong5
恫	tong5
彤	tong5
幢	tong5
峝	tong5
峒	tong5
同	tong5
僮	tong5
侗	tong5
佟	tong5
仝	tong5
釷	tou2
土	tou2
菟	tou3
堍	tou3
吐	tou3
兔	tou3
涂	tou5
塗	tou5
酴	tu5
途	tu5
躇	tu5
荼	tu5
涂	tu5
搽	tu5
徒	tu5
塗	tu5
圖	tu5
儲	tu5
拖	tua1
獺	tuah4
癱	tuan1
灘	tuan1
攤	tuan1
羰	tuan3
碳	tuan3
炭	tuan3
頹	tue1
糰	tueng5
漙	tueng5
摶	tueng5
團	tueng5
傳	tueng5
䊜	tueng5
腯	tuh4
梯	tui1
推	tui1
腿	tui2
鎚	tui5
錘	tui5
槌	tui5
墜	tui7
黜	tuk4
飿	tuk4
詘	tuk4
脫	tuk4
怵	tuk4
飩	tung1
暾	tung1
吞	tung1
氽	tung2
魨	tung5
豚	tung5
臀	tung5
屯	tung5
囤	tung5
湯	tvng1
褪	tvng3
燙	tvng3
醣	tvng5
糖	tvng5
搪	tvng7
鳥	u1
雩	u1
鄔	u1
邘	u1
迂	u1
訏	u1
紆	u1
竽	u1
盱	u1
盂	u1
洿	u1
污	u1
捂	u1
圬	u1
圩	u1
嗚	u1
呼	u1
吁	u1
于	u1
齵	u2
詡	u2
羽	u2
禹	u2
宇	u2
焐	u3
惡	u3
塢	u3
堊	u3
齬	u5
鼯	u5
郚	u5
痦	u5
牾	u5
浯	u5
娛	u5
圄	u5
吾	u5
銪	u6
有	u6
邷	ua1
蝸	ua1
蛙	ua1
窪	ua1
窊	ua1
娃	ua1
哇	ua1
佤	ua1
䠚	ua1
我	ua2
活	uah8
歪	uai1
挖	uai1
鑊	uak8
蠖	uak8
穫	uak8
矱	uak8
獲	uak8
鞍	uan1
安	uan1
碗	uan2
盌	uan2
椀	uan2
桉	uan3
案	uan3
旱	uan6
換	uan7
汪	uang1
枉	uang2
往	uang2
王	uang5
旺	uang6
鍋	ue1
堝	ue1
薈	ue3
蔚	ue3
翽	ue3
穢	ue3
濊	ue3
慰	ue3
尉	ue3
噦	ue3
躗	ue6
讆	ue6
衞	ue6
衛	ue6
話	ue7
畫	ue7
噦	ueh4
砉	ueh8
畫	ueh8
劃	ueh8
曰	uek4
斡	uek4
鉞	uek8
越	uek8
粵	uek8
樾	uek8
刖	uek8
鴛	ueng1
眢	ueng1
灣	ueng1
淵	ueng1
彎	ueng1
冤	ueng1
豌	ueng2
蜿	ueng2
莞	ueng2
苑	ueng2
腕	ueng2
脘	ueng2
睆	ueng2
皖	ueng2
畹	ueng2
琬	ueng2
澣	ueng2
涴	ueng2
浣	ueng2
惋	ueng2
宛	ueng2
婉	ueng2
剜	ueng2
怨	ueng3
轅	ueng5
袁	ueng5
芫	ueng5
緣	ueng5
猿	ueng5
猨	ueng5
烷	ueng5
櫞	ueng5
椽	ueng5
掾	ueng5
完	ueng5
垸	ueng5
員	ueng5
隈	ui1
醫	ui1
葳	ui1
崴	ui1
威	ui1
餵	ui2
餧	ui2
韙	ui2
逶	ui2
諉	ui2
蝟	ui2
葦	ui2
萎	ui2
緯	ui2
痿	ui2
瑋	ui2
猬	ui2
猥	ui2
煨	ui2
煒	ui2
渭	ui2
洧	ui2
欸	ui2
委	ui2
喟	ui2
喂	ui2
偎	ui2
偉	ui2
謂	ui3
畏	ui3
韋	ui5
闈	ui5
違	ui5
爲	ui5
桅	ui5
幃	ui5
圍	ui5
謂	ui6
胃	ui7
欸	ui7
位	ui7
鬱	uk4
靰	uk4
阢	uk4
蔚	uk4
菀	uk4
膃	uk4
矻	uk4
熨	uk4
杌	uk4
尉	uk4
兀	uk4
夗	uk8
醞	ung1
薀	ung1
瘟	ung1
熅	ung1
溫	ung1
氳	ung1
韞	ung2
蘊	ung2
縕	ung2
穩	ung2
䘼	ung2
搵	ung3
塭	ung3
鄖	ung5
芸	ung5
耘	ung5
紜	ung5
筠	ung5
焚	ung5
勻	ung5
云	ung5
隕	ung6
蘊	ung6
縕	ung6
溳	ung6
殞	ung6
慍	ung6
媼	ung6
韻	ung7
鄆	ung7
運	ung7
云	ung7
與	v2
予	v2
飫	v3
翳	v3
瞖	v3
淤	v3
淤	v3
惡	v3
噎	v3
噁	v3
餘	v5
轝	v5
輿	v5
舁	v5
畲	v5
畬	v5
璵	v5
旟	v5
妤	v5
余	v5
伃	v5
予	v5
預	v6
豫	v6
譽	v6
蕷	v6
與	v6
礜	v6
澦	v6
與	v7
歟	v7
齇	za1
髽	za1
餷	za1
蹉	za1
茬	za1
碴	za1
皻	za1
瘥	za1
猹	za1
溠	za1
渣	za1
槎	za1
楂	za1
查	za1
揸	za1
嗟	za1
喳	za1
咱	za1
咤	za1
吒	za1
侘	za1
蚤	za2
痄	za2
昨	za2
昔	za2
早	za2
鮓	za3
詐	za3
蚱	za3
窄	za3
砟	za3
炸	za3
榨	za3
柞	za3
搾	za3
怎	za3
怍	za3
咋	za3
乍	za3
𠷿	zah4
閘	zah8
炸	zah8
柵	zah8
卡	zah8
菑	zai1
知	zai1
災	zai1
栽	zai1
崽	zai1
載	zai2
滓	zai2
崽	zai2
宰	zai2
載	zai3
再	zai3
臍	zai5
豸	zai6
蠆	zai6
在	zai6
哉	zai7
儎	zai7
鍘	zak4
紮	zak4
紥	zak4
節	zak4
箚	zak4
筰	zak4
癤	zak4
櫛	zak4
札	zak4
拶	zak4
拃	zak4
扎	zak4
劄	zak4
剳	zak4
作	zak4
針	zam1
簪	zam1
槧	zam2
斬	zam2
嶄	zam2
塹	zam2
譖	zam3
蘸	zam3
鏨	zam6
站	zam6
鬃	zang1
髒	zang1
莊	zang1
臧	zang1
罾	zang1
糌	zang1
棕	zang1
曾	zang1
攥	zang2
鑽	zang3
躦	zang3
趲	zang3
贊	zang3
讚	zang3
臢	zang3
粽	zang3
棧	zang3
昝	zang3
攢	zang3
奘	zang3
壯	zang3
層	zang5
叢	zang5
贜	zang6
贓	zang6
藏	zang6
臧	zang6
臟	zang6
贈	zang7
釓	zap4
軋	zap4
紮	zap4
紥	zap4
箚	zap4
砸	zap4
眨	zap4
汁	zap4
札	zap4
扎	zap4
噆	zap4
唼	zap4
咂	zap4
匝	zap4
劄	zap4
剳	zap4
雜	zap8
拾	zap8
十	zap8
什	zap8
遭	zau1
蹧	zau1
糟	zau1
嘈	zau1
走	zau2
蚤	zau2
笟	zau2
找	zau2
竈	zau3
奏	zau3
造	zau6
罩	zau6
皂	zau6
淖	zau6
棹	zau6
慥	zau6
悼	zau6
唣	zau6
齋	ze1
這	ze2
姐	ze2
姊	ze2
債	ze3
砦	ze7
寨	ze7
賾	zeh4
責	zeh4
職	zeh4
績	zeh4
簣	zeh4
積	zeh4
磧	zeh4
昃	zeh4
幘	zeh4
嘖	zeh4
仄	zeh4
謖	zek4
積	zek4
稷	zek4
癪	zek4
燭	zek4
崱	zek4
叔	zek4
則	zek4
澤	zek8
弌	zek8
壹	zek8
一	zek8
爭	zen1
阱	zen2
汫	zen2
井	zen2
晴	zen5
靜	zen6
竫	zen6
鐺	zeng1
鐘	zeng1
鍾	zeng1
錚	zeng1
鉦	zeng1
蹭	zeng1
赬	zeng1
貞	zeng1
諍	zeng1
蒸	zeng1
菁	zeng1
舂	zeng1
繒	zeng1
精	zeng1
箏	zeng1
禎	zeng1
矰	zeng1
睜	zeng1
睛	zeng1
盅	zeng1
甑	zeng1
琤	zeng1
猙	zeng1
湞	zeng1
楨	zeng1
曾	zeng1
掙	zeng1
憎	zeng1
怔	zeng1
征	zeng1
幀	zeng1
崢	zeng1
增	zeng1
噌	zeng1
僧	zeng1
偵	zeng1
丁	zeng1
䋫	zeng1
腫	zeng2
種	zeng2
證	zeng3
衆	zeng3
種	zeng3
症	zeng3
政	zeng3
曾	zeng5
嘗	zeng5
靚	zeng6
靖	zeng6
淨	zeng6
齏	zi1
黹	zi2
鱭	zi2
酯	zi2
趾	zi2
詣	zi2
茝	zi2
芷	zi2
紫	zi2
籽	zi2
笫	zi2
秭	zi2
祉	zi2
濟	zi2
沚	zi2
止	zi2
枳	zi2
旨	zi2
指	zi2
姊	zi2
址	zi2
咫	zi2
只	zi2
鷙	zi3
霽	zi3
際	zi3
躓	zi3
躋	zi3
贄	zi3
質	zi3
識	zi3
誌	zi3
製	zi3
至	zi3
祭	zi3
瘵	zi3
瘛	zi3
瘈	zi3
熾	zi3
濟	zi3
摯	zi3
掣	zi3
志	zi3
幟	zi3
劑	zi3
制	zi3
傺	zi3
舐	zi6
巳	zi6
遮	zia1
鍺	zia2
赭	zia2
者	zia2
姐	zia2
鷓	zia3
蹠	zia3
跖	zia3
蔗	zia3
炙	zia3
柘	zia3
褯	zia6
藉	zia6
籍	zia6
謝	zia7
隻	ziah4
迹	ziah4
蹟	ziah4
跡	ziah4
摭	ziah4
食	ziah8
酌	ziak4
芍	ziak4
皭	ziak4
爵	ziak4
灼	ziak4
杓	ziak4
彴	ziak4
妁	ziak4
嚼	ziak4
勺	ziak4
精	zian1
正	zian1
晶	zian1
汫	zian2
正	zian2
整	zian2
鉦	zian3
正	zian3
成	zian5
蟑	ziang1
螿	ziang1
章	ziang1
璋	ziang1
獐	ziang1
漳	ziang1
樟	ziang1
彰	ziang1
弶	ziang1
張	ziang1
將	ziang1
嫜	ziang1
倀	ziang1
長	ziang2
糨	ziang2
障	ziang3
脹	ziang3
瘴	ziang3
獎	ziang3
漲	ziang3
悵	ziang3
幛	ziang3
嶂	ziang3
將	ziang3
倀	ziang3
杖	ziang6
匠	ziang6
仗	ziang6
丈	ziang6
蕉	zie1
椒	zie1
招	zie1
少	zie2
醮	zie3
照	zie3
曌	zie3
鑕	zieh4
質	zieh4
借	zieh4
鼫	zieh8
石	zieh8
唧	ziek4
即	ziek4
譫	ziem1
詹	ziem1
瞻	ziem1
漸	ziem1
幨	ziem1
尖	ziem1
呫	ziem1
占	ziem1
占	ziem3
佔	ziem3
漸	ziem6
暫	ziem6
章	zien1
漿	zien1
樟	zien1
蔣	zien2
礃	zien2
槳	zien2
掌	zien2
仉	zien2
醬	zien3
癢	zien6
上	zien6
鱣	zieng1
顫	zieng1
韉	zieng1
邅	zieng1
膻	zieng1
羶	zieng1
籛	zieng1
箋	zieng1
煎	zieng1
濺	zieng1
湔	zieng1
旃	zieng1
戔	zieng1
餮	zieng2
餞	zieng2
軫	zieng2
踐	zieng2
趁	zieng2
贐	zieng2
謭	zieng2
診	zieng2
翦	zieng2
縝	zieng2
疹	zieng2
疢	zieng2
畛	zieng2
燼	zieng2
濺	zieng2
殄	zieng2
戩	zieng2
剪	zieng2
顫	zieng3
戰	zieng3
接	ziep4
箑	ziep8
睫	ziep8
洽	ziep8
捷	ziep8
婕	ziep8
倢	ziep8
褶	zih4
摺	zih4
接	zih4
折	zih4
舌	zih8
折	zih8
鶺	zik4
鯽	zik4
蹐	zik4
脊	zik4
織	zik4
瘠	zik4
浙	zik4
箴	zim1
斟	zim1
枕	zim2
浸	zim3
寖	zim3
脂	zin1
肢	zin1
氏	zin1
氈	zin1
歧	zin1
支	zin1
穉	zin2
稚	zin2
箭	zin3
擠	zin3
錢	zin5
薪	zing1
蓁	zing1
臻	zing1
瞋	zing1
真	zing1
甄	zing1
溱	zing1
津	zing1
榛	zing1
嗔	zing1
震	zing2
賑	zing2
振	zing2
拯	zing2
進	zing3
薦	zing3
縉	zing3
牮	zing3
洊	zing3
晉	zing3
搢	zing3
藎	zing6
盡	zing6
濜	zing6
儘	zing6
鷦	ziou1
釗	ziou1
譙	ziou1
蘸	ziou1
礁	ziou1
瞧	ziou1
焦	ziou1
樵	ziou1
朝	ziou1
昭	ziou1
招	ziou1
憔	ziou1
噍	ziou1
剿	ziou1
鳥	ziou2
嘦	ziou2
詔	ziou3
輯	zip4
縶	zip4
緝	zip4
執	zip4
集	zip8
蒺	zip8
疾	zip8
嫉	zip8
鵃	ziu1
週	ziu1
賙	ziu1
舟	ziu1
稠	ziu1
盩	ziu1
洲	ziu1
惆	ziu1
州	ziu1
啁	ziu1
周	ziu1
酒	ziu2
咒	ziu3
鷲	ziu6
就	ziu6
僦	ziu6
闃	ziuh4
阻	zo2
棗	zo2
左	zo2
俎	zo2
佐	zo2
做	zo3
槽	zo5
坐	zo6
助	zo6
佐	zo6
座	zo7
撧	zoh4
作	zoh4
絕	zoh8
㩼	zoi7
節	zoih4
截	zoih8
指	zoin2
前	zoin5
足	zok4
祝	zok4
矚	zok4
斸	zok4
屬	zok4
囑	zok4
喌	zok4
劚	zok4
鏃	zok8
蔟	zok8
粥	zok8
簇	zok8
族	zok8
嗾	zok8
蹤	zong1
螽	zong1
縱	zong1
綜	zong1
終	zong1
琮	zong1
淙	zong1
樅	zong1
嵕	zong1
嵏	zong1
宗	zong1
踵	zong2
總	zong2
傯	zong2
縱	zong3
瘲	zong3
從	zong6
陬	zou1
鄒	zou1
謅	zou1
諏	zou1
租	zou1
祖	zou2
驟	zou6
齟	zu1
駔	zu1
雎	zu1
銖	zu1
邾	zu1
趄	zu1
諸	zu1
諏	zu1
詛	zu1
蛆	zu1
菹	zu1
茱	zu1
苴	zu1
罝	zu1
緅	zu1
組	zu1
硃	zu1
疽	zu1
珠	zu1
狙	zu1
瀦	zu1
洙	zu1
沮	zu1
殂	zu1
櫫	zu1
櫧	zu1
朱	zu1
徂	zu1
咀	zu1
侏	zu1
枓	zu2
拄	zu2
主	zu2
鑄	zu3
註	zu3
蠹	zu3
蛀	zu3
疰	zu3
注	zu3
麈	zu6
駐	zu6
酢	zu6
胙	zu6
聚	zu6
祚	zu6
炷	zu6
就	zu6
住	zu6
抓	zua1
紙	zua2
帋	zua2
蛇	zua5
蜀	zuak8
濯	zuak8
濁	zuak8
撾	zuan1
盞	zuan2
琖	zuan2
泉	zuan5
賤	zuan7
裝	zuang1
粧	zuang1
樁	zuang1
妝	zuang1
奘	zuang1
狀	zuang6
撞	zuang6
噇	zuang6
僮	zuang6
最	zue3
罪	zue6
茁	zuek4
絀	zuek4
準	zuek4
拙	zuek4
咄	zuek4
凖	zuek4
顓	zueng1
遄	zueng1
耑	zueng1
湍	zueng1
專	zueng1
轉	zueng2
囀	zueng2
賺	zueng3
攢	zueng3
饌	zueng6
譔	zueng6
撰	zueng6
嘬	zuh4
騅	zui1
隹	zui1
錐	zui1
萑	zui1
睢	zui1
濉	zui1
檇	zui1
椎	zui1
水	zui2
醉	zui3
贅	zui6
萃	zui6
膵	zui6
綷	zui6
粹	zui6
祟	zui6
瘁	zui6
猝	zui6
焠	zui6
淬	zui6
晬	zui6
悴	zui6
卒	zui6
率	zuk4
摔	zuk4
捽	zuk4
帥	zuk4
卒	zuk4
糯	zuk8
穤	zuk8
秫	zuk8
鱒	zung1
遵	zung1
蹲	zung1
罇	zung1
樽	zung1
撙	zung1
尊	zung1
隼	zung2
準	zung2
准	zung2
鵕	zung3
鵔	zung3
駿	zung3
餕	zung3
雋	zung3
隽	zung3
鐫	zung3
逡	zung3
竣	zung3
狻	zung3
濬	zung3
浚	zung3
朘	zung3
捘	zung3
峻	zung3
圳	zung3
俊	zung3
㑺	zung3
船	zung5
舩	zung5
齜	zv1
齎	zv1
鼒	zv1
鷀	zv1
鶿	zv1
錙	zv1
輜	zv1
趑	zv1
賫	zv1
資	zv1
貲	zv1
諮	zv1
菑	zv1
茲	zv1
芝	zv1
耔	zv1
緇	zv1
粢	zv1
滋	zv1
淄	zv1
氏	zv1
書	zv1
嵫	zv1
孳	zv1
孜	zv1
孖	zv1
姿	zv1
啙	zv1
咨	zv1
呰	zv1
兹	zv1
之	zv1
耔	zv2
籽	zv2
煮	zv2
梓	zv2
子	zv2
仔	zv2
胾	zv3
胔	zv3
漬	zv3
滋	zv3
恣	zv3
薯	zv5
自	zv6
嗻	zvh8
贜	zvng1
贓	zvng1
莊	zvng1
磚	zvng1
甎	zvng1
指	zvng1
塼	zvng1
𠿺	zvng3
鑽	zvng3
葬	zvng3
狀	zvng7
