char	pengim	annot
涇	heng6	
䦛䦟	zeng1 cui2	
壺	hu5	
壼	kung2	
𰔖	sek4	
𢅎	giau2	
崚嶒	leng5 zeng5	
嵖岈	ce5 ghe5	
徯	hi5	
犺	hang1	文
犺	ho1	白
犺	ha1	又
彠	huak8	
㛃	giak4	
娑	so1	
𡜿	bhou2	
娠	sing5	
緔	siang6	
鞝	siang6	
柝	toh4	
𣟄	toh4	
栀	gi1	
梔	gi1	
桊	guang3	
榅桲	ung1 buak8	
楞	leng5	
𣖄	ciau1	方
樗	cu1	
槅	geh4	
檨	suain7	
櫼	ciam1	
殗殜	iap8 diap8	
毪	mou5	
氥	si1	
斁	iah8	
⿰录攵	lok4	方
㪖	lok4	方
𢾧	zeng1	方
⿰烝攵	zeng1	方
䱷	hv5	
肋脦	lah4 dah4	
⿰月皂	ue1	
⿰月皂	ue5	又
脦	dah4	bound
脟	luang5	
膋	la5	
膪	dai3	
膪	cui2	俗
𣢁	hain1	
𣢣	cek8	
欬	kak4	
欬	hai6	又
欶	suh4	
歊	ho1	方
歘	huh4	
颬	hia1	
瓿	bau6	方
㽀	deng6	
甏	beng6	
𣥼	co7	方
敠	doh4	
敠	duak4	又
敠	coh4	方
窔	iau3	
丫	a1	
義	ngi6	
之	ze1	
卞	biang6	
爲	ui5	
頭	tao5	
⿱⺌土	gueh8	方！
半	buan3	
主	zu2	
必	bik4	
永	iong2	
州	ziu1	
良	liang5	
卷	gvng2	
卷	guang6	
舉	gv2	
叛	buang6	
鬯	tiang3	
一	zek8	訓
一	ik4	
七	cik4	
丁	deng1	
丁	zeng1	
丁寧	deng1 leng5	
丁當	deng1 dang1	
三	san1	白
三	sam1	文
乾	gang1	
干	gang1	
乾	guan1	
幹	gang3	
於	v1	
於	i1	又
與	v2	
與	v6	
與	v7	
下	hia6	文
下	e6	白
下	ge6	方
下	he6	方
上	zion6	
上	zion7	
上	siang5	
上	siang6	
丈	dvng6	白
丈	ziang6	文
丈	dion6	白
萬	bhuang7	
万俟	mok8 ki5	
才	cai5	
纔	cai5	
才	zai5	
丰	hong1	
豐	hong1	
開	kai1	文
開	kui1	白
井	zen2	
無	bho5	白
無	bhu5	文
天	tin1	白
天	tiang1	文
夫	hu1	文
夫	bou1	白
夫	hu7	又
專	zuang1	
丐	gai3	
廿	niam6	
廿	rih8	俗
廿	riap8	俗、又
⿱一⿰⿱〢一𠃌	miang2	
卅	sap4	
五	ngou6	白
五	u2	文
五	u5	
冇	pan3	方！
友	iu2	
不	buk4	
不	houn2	
牙	ghe5	
牙	nga5	方
屯	tung5	
屯	dung1	
互	hu6	文
互	hou7	白
平	peng5	文
平	ben5	白
平	pen5	
丕	pi2	
擊	kek4	
未	bhi7	
未	bhue7	
末	muak8	
末	bhuah8	
本	bung2	
正	zian3	
正	zian1	
甘	gam1	
世	si3	
可	ko2	
可汗	kiok4 hang5	
左	zo2	
右	iu6	
丙	bian2	
𠕇	doin7	方！
冊	ceh4	
東	dang1	白
東	dong1	文
夾	giap8	文
夾	goih8	白
裌	goih4	
再	zai3	
吏	li7	
亙	geng3	又
亙	gvng3	
亙	tang3	俗
亞	a3	
亞	a1	
考	kau2	
在	do6	白
在	zai6	文
百	beh4	
而	rv5	
有	u6	白
有	iu2	
至	zi3	
堯	ngiau5	
死	si2	
夷	i5	
來	lai5	
來	lai2	方
求	kiu5	
嚴	ngiam5	
甫	pou2	
更	geng1	
更	gen1	
更	geng3	
束	sok4	
麗	li6	
麗	li5	
兩	liang2	文
兩	no6	白
兩	nio2	
両	nio2	
巫	bhu5	
辰	sing5	
武	bhu2	
喪	svng1	
喪	sang3	
表	biao2	
表	bio2	
錶	bio1	
奉	hong6	
事	sv7	
事	sv6	
畫	ue7	
畫	ueh8	
棗	zo2	
奏	zau3	
巷	hang7	
面	ming7	
麪	mi7	
麵	mi7	
甚	sim6	
柬	gang2	
歪	uai1	
歪	cua2	訓
豔	iam7	
艷	iam7	
泰	tai3	
秦	cing5	
夏	he7	
夏	gia2	又
鬲	leh8	
鬲	geh8	
彧	hiok4	
哥	go1	
𠁞	bhoi6	方！
孬	mo2	
堇	gvng2	
爽	suang2	
棘	gek4	
奡	ngau6	
皕	bek4	
皕	bi3	又
鼓	gou2	
賴	nai6	文
賴	lua7	白
⿱不是	mi6	方！
⿱不畏	mui3	方！
賾	zeh4	
噩	ngak8	
整	zian2	
臻	zing1	
鼒	zv1	
鼙	bi5	
靧	hui3	
䩍	liau1	方
囊	nang1	
囊	lang2	又
纛	dau6	
纛	dak8	又
鼟	dvng1	
也	ia7	
中	dong1	文
中	dang1	白
中	dong3	
中	deng3	
內	lai6	訓
北	bak4	
卡	ka2	
舊	gu7	
史	sv2	
央	iang1	
冉	riam2	
且	cian2	
由	iu5	
申	sing1	
甲	gah4	
曱甴	ga1 zuah8	方！
電	diang6	
出	cuk4	
齣	cuk4	
凹	au1	
凸	duk8	
曳	hi6	
曲	kek4	
曲	kiok4	又
麴	kak4	方
麯	kak4	方
肉	nek8	
肉	bhah4	訓
師	sv1	
師	sai1	
羋	mi2	
縣	guin7	
串	cuang3	
暢	tiang3	
非	hui1	
韭	gu2	
臨	lim5	
鼎	dian2	
夥	hue2	
乂	ngi6	
九	gao2	白
九	giu2	文
乃	nai6	
廼	nai6	
迺	nai6	
匕	bi3	
千	coin1	
乞	kvk4	
乞	kvh4	方
丸	in5	訓
川	cuang1	
麼	moh4	
麼	mo7	又
麼	iau1	
久	gu2	
及	gip8	
長	dvng5	白
長	ciang5	文
長	ziang2	
長	dion2	方
乏	huak8	文
乏	hak8	白
乏	hek8	白
爻	ngau5	
午	ngou2	
壬	rim6	
夭	iau1	
殀	iau1	
升	seng1	
昇	seng1	
陞	seng1	
幣	bi6	
反	huang2	文
反	boin2	白
丹	dang1	文
丹	duan1	白
氏	si6	
氏	zin1	bound
烏	ou1	白
烏	u1	文
乎	hu1	
乎	hu7	又
生	sen1	
生	cen1	
生	seng1	
失	sik4	
乍	za3	
丘	kiu1	文
丘	ku1	白
坵	kiu1	方、文
坵	ku1	方、白
卮	zi1	
卮	zv1	又
卮	i5	
氐	di1	
氐	di2	
樂	lak8	
樂	ghauh8	
樂	ngauh8	又
兆	diau6	
年	ni5	
朱	zu1	
硃	zu1	
丟	diu1	
喬	kiau5	
乒	bing1	
乓	bong5	
向	hiang3	
嚮	hiang3	
顖	sing3	
囟	sing3	
后	hou6	
後	au6	
後	hau6	
殺	suah4	
我	ua2	
我	ngo2	又
囱	cong1	
希	hi1	
卵	nvng6	
卵	lang6	方
餚	ngau5	
卑	bi1	文
卑	bui1	白
阜	hu6	
臾	ru5	
乖	guai1	
垂	sui5	
秉	beng2	
周	ziu1	
週	ziu1	
重	dong6	
重	dang6	白
重	deng5	
拜	bai3	
復	hok8	白
復	hiun3	文
複	hok4	
禹	u2	
胤	iang6	
乘	seng5	
乘	seng6	
虒	sv1	
𣍐	bhoi6	方！
馗	kui5	
甥	seng1	
𡏩	due1	方
弒	ci3	
粵	uak8	
睾	gau1	
舞	bhu2	文
舞	mou6	白、方
舞	mong6	白、又、方
孵	hu1	
孵	bu7	訓
鼐	nai6	
鼐	nai2	又
靠	kau6	文
靠	gou6	白
⿰勿畏	mui3	方！
乙	ik4	
了	liau2	
了	liau3	
乜	mih4	
乜	mi1	
飛	bue1	白
飛	hui1	文
孑	kiak4	
孓	guak4	
孓	kuak4	俗
習	sip8	
鄉	hion1	白
鄉	hiang1	文
以	in2	
予	v5	
予	v2	
尺	cioh4	
尺	ce1	
尹	vng2	
孔	kong2	
丑	tiu2	
醜	ciu2	
醜	tiu2	俗
書	zv1	
司	si1	
發	huak4	
髮	huak4	
民	ming5	
絲	si1	
弗	huk4	
厾	doh4	
𧰵	doh4	
丞	seng5	
買	bhoi2	
盡	zing6	
乩	gi1	
亂	luang6	
亂	luang6	文
亂	ruang6	白、方
君	gung1	
君	gung6	
承	seng5	文
承	sing5	白
乳	ru2	
隸	di6	白
隸	li6	文
亟	gek4	
亟	ki3	
癸	gui3	
晝	diu6	文
晝	dau3	白、方
咫	zi2	
艴	huk4	
豫	v6	
亡	bhuang5	
亡	mang5	又
亡	bho5	古
六	lak8	
六	liu5	
亢	kang3	
市	ci6	
玄	hiang5	
產	suan2	
交	gau1	
亦	ek8	
亦	ia7	訓
亥	hai6	
亨	heng1	
畝	bhou2	
變	biang3	文
變	bin3	白
京	gian1	
享	hiang2	
卒	zuk4	
卒	zui6	
夜	ia7	
夜	men5	訓
兖	iang6	
兖	iang2	又
甿	ming5	古
氓	mang5	
帝	di3	
哀	ai1	
亮	liang6	
亭	deng5	
亳	bak4	
袞	gung2	
高	gau1	文
高	go1	白、方
商	siang1	
孰	sok8	
離	li5	
率	zuk4	
率	suk4	又
率	luk8	
就	ziu6	
臠	luang5	
稟	bing2	
裛	ip4	
雍	iong1	
豪	hau5	
膏	go1	
亶	dang2	
贏	iong5	
贏	uang5	又
襄	siang1	
贏	ian5	
羸	lui5	
羸	lui2	又
蠃	lo2	
蠃	lo5	又
亹	mung5	
亹	mui2	
馮	bang5	
沍	hu6	
沖	cong1	
衝	cong3	
次	cv3	
決	guak4	
冰	bian1	
凍	dong3	文
凍	dang3	白
況	kuang3	
冷	nen2	
冶	ia2	
冽	liak8	
淨	zeng6	
洗	siang2	
涼	liang5	
凊	cing3	方
凌	leng5	
凇	song5	
悽	ci1	
淒	ci1	
準	zung2	
准	zung2	
凋	diau1	
湊	cou3	
減	giam2	
凓	liak8	
㵾	cing3	
凜	lim2	
凝	ngeng5	文
凝	gvng5	白
凝	ngang5	方
冗	rong2	
冗	rong7	方
寫	sia2	
軍	gung1	
罕	hang2	
農	long5	
冠	guang1	
冠	guang3	
冢	tong2	
冥	meng5	文
冥	men5	
冤	uang1	
冪	mek8	
計	goi3	
訂	deng3	
訃	hu3	
認	ring7	
譏	gi1	
訐	giah4	
訏	u1	
訌	hong3	
討	to2	
讓	riang6	文
讓	riang2	方
讓	nion7	
訊	sing3	
訕	sang1	
訕	sang3	又
議	ngi2	
訖	ngvk4	
訓	hung1	
記	gi3	
訪	huang2	
講	gang2	
詎	gv6	
諱	hui3	
諱	hui2	又
謳	au1	
訝	ghia3	
訥	nap8	
訟	song6	
論	lung6	
訩	hiong1	
詾	hiong1	
許	hv2	
許	kou2	
許	hu2	象聲
譌	ho3	
訢	hvng1	
諷	hong3	
設	siak4	
訣	guak4	
𧭈	leng5	
評	peng5	
證	zeng3	
詁	gu2	文
詁	gou2	白
訶	ho1	
識	sek4	
識	zi3	
詛	zu1	
詗	guang2	
診	ziang2	
詐	za3	文
詐	den3	白
訴	su3	
詆	di2	
謅	zou1	
譯	ek8	
詞	sv5	
詖	pueh8	方！
詘	kuk4	
詘	tuk4	又
詔	riau3	
詔	ziau3	又
詒	i5	
詏	a3	方
詫	ca3	
詫	teh8	俗
該	gai1	
詳	siang5	
諢	hung6	
誄	lui2	
䛩	a3	方
誆	guang1	
試	ci3	
詿	kua3	
詩	si1	
詰	kiak4	
詼	hue1	
詼	kue1	又
誠	seng5	
𧬨	hue7	方
詮	cuang5	
誅	du1	白
誅	zu1	文
話	ue7	
誕	dang3	
詬	gou3	
詭	gui2	
詭	ngui6	又
詢	sung5	
詣	zi2	
諍	zeng1	
詡	hu2	
說	sueh4	
說	sue3	
說	ruak8	
誡	gai3	
誧	pu2	方！
語	ghv2	
誣	bhu5	
誚	ciao2	
誤	ghou7	
𧧸	bak4	方
誥	gau3	
誘	iu2	
誨	hue3	
誑	guang1	
誦	song6	
誼	ngi3	
讅	sim2	
諄	dung1	
諒	liang6	
談	tam5	
請	cian2	
諾	nap8	
諸	zu1	
讀	tak8	
讀	dao7	
諏	zou1	
諑	dok4	文
諑	doh4	白
課	kue3	
誻	dah8	
諗	sim2	
誹	hui2	
諉	ui2	
誰	sui5	
諛	ru5	
調	tiao5	
調	diao7	
諂	tiam2	
諦	ti3	
諳	am3	
諳	am1	又
諺	ngang6	
謎	mi6	
諞	piang3	
謊	huang1	
諶	sim5	
謀	mou5	
謀	mong5	俗
諜	diap8	
諫	gang3	
謔	ngiak8	
謁	hak4	
謂	ui3	
謂	ui6	
諤	ngak8	
諼	suang1	
諭	ru6	
諭	ru5	又
諥	dong7	方
讒	cam5	
諝	su1	
諧	hai5	
謗	bang6	
謐	mik8	
諡	i3	
謙	kiam1	
謨	mo5	
讜	dang2	
謖	zek4	
謖	sok4	又
謠	iau5	
謝	sia7	
謝	zia7	
謫	diah4	
譾	ziang2	
謹	gvng2	
謾	bhuang6	
謾	bhuang2	又
謬	niu6	
讕	lang5	
譜	pou2	
譚	tam5	
譖	zam3	
譙	ziao1	
譎	guak4	
讞	hiang3	
譴	kiang2	
譫	ziam1	
讖	ciam1	
二	no6	訓
二	ri6	
亍	cok4	方
亍	coh8	又、方
虧	kui1	
亓	ki5	
云	ung5	
云	ung7	又
雲	hung5	
些	se1	
些	sen1	又
靉靆	ai2 dai2	
靉靆	ain3 dai6	又
靆	dai2	bound
靆	dai6	又、bound
十	zap8	
支	zin1	
支	zin1	文
支	gi1	白
卉	hui2	
古	gou2	
協	hiap8	
華	hua5	
華	hue1	古
直	dik8	
賣	bhoi7	
南	nam5	
真	zing1	
嗇	sek4	
嗇	siak4	又
乾	kiang5	
乾	gang1	
博	pak4	
斡	uak4	方
嘏	gou2	
翰	hang5	
矗	cok4	
廠	ciang2	
廠	am1	古
廳	tian1	
仄	zeh4	
歷	leh8	
曆	leh8	
厄	eh4	
阨	eh4	
厲	li6	
壓	iap4	
厭	iam3	
厙	sia3	
厔	diak4	
厔	zi3	又
廁	ce3	
廁	si1	又
厘	li5	
釐	li5	
厚	gau6	
厝	cu3	
原	nguang5	
廂	sian1	
厴	iam2	文
厴	in2	白
廄	giu3	
廄	gi3	俗
厥	kiak4	
廚	dou5	
廈	he7	
廈	e6	
廝	sv1	
靨	iap4	
區	ku1	
區	au1	
匹	pik4	
疋	pik4	
巨	gv6	
叵	po2	
匝	zap4	
帀	zap4	
匜	i5	
匟	kang3	
匡	kang1	白
匡	kuang1	文
臣	cing5	
匠	cion7	白
匠	ziang6	文
匣	ap8	
醫	ui1	
匭	kui2	
匼	kap4	
匿	nek8	
匪	hui2	
匪	huin2	又
匾	biang2	文
匾	bing2	白
匱	kui6	
𠥜	uah4	
卜	bok4	
蔔	bok8	bound
占	ziam1	
佔	ziam3	
盧	lou5	
盧	lu5	
貞	zeng1	
滷	lou2	
鹵	lou2	
滷	lou6	
鹵	lou6	
卣	iu2	
卓	doh4	
卦	gue3	
臥	o6	
卨	siak4	
鹺	co5	
𪉿	gam3	方
刈	ngi6	
刈	ngai6	又
刊	kang1	
刊	kang5	又
劉	lau5	
刑	heng5	
刓	nguang5	
列	liak8	
𠠝	leh8	方
劃	ueh8	
剛	gang1	
則	zek4	
創	cang3	
創	ceng1	
跀	uak8	
跀	ghueh8	又
刎	huk4	
刎	muk4	又
判	puang3	文
判	puan3	白、方
剗	cang2	
別	biak8	文
別	bak8	白
別	bak4	方
別扭	biak8 niu2	
利	li6	
利	li6	文
利	lai7	白
刪	sang1	
刨	pau5	
鉋	pau5	
刨	pau1	方
剄	gen3	
刣	tai5	方！
刜	huk4	方
劑	zi3	
𠛪	tio1	
刻	kek4	
刻	kek4	文
刻	kag4	白
刲	kui1	
刵	ri7	
刺	ci3	
刺	cvng3	
刳	ku1	
㓦劃	beh4 ueh4	
到	gau3	訓
劌	ue3	
劌	gue3	又
剴	kai2	
剎	sak4	
剎	cak4	又
剎	suah4	俗
剎	sak8	
劊	guai3	
制	zi3	
製	zi3	
颳	guak4	文
颳	guah4	白
颳	gueh4	又
刮	guak4	文
刮	guah4	白
刮	gueh4	又
刮	huah4	方
剁	do5	
刷	sueh4	
剃	ti3	
剌	la1	
剋	kak4	
剋	kiok4	又
𠜙	buh4	方
剅	lau5	
𠞭	lau5	
削	siah4	
剮	gua2	
劍	giam3	
剉	co3	
𠜱	poi1	方
剜	uang2	
剖	pou2	
剖	pou1	又
剡	iam2	
剞劂	gi1 kiak4	
剕	hui3	
剔	tek4	
剔	tak4	白
剟	doh4	文
剟	duh8	白
劇	giah8	
剝	bak4	
副	hu3	
割	guah4	
剩	seng5	文
剩	sing5	白
剩	sing7	又
賸	seng5	文
賸	sing5	白
賸	sing7	又
剽	piau1	
剿	cau1	俗
劂	kiak4	bound
劁	ziau1	
劐	hak4	
劓	ngi6	
𠠍	lai3	
劘	mi5	
劙	li5	
岡	gang1	文
岡	gvng1	白
同	dang5	白
同	tong5	文
衕	tong5	
網	mang6	
冏	guang2	
罔	bhuang2	
八	boih4	
兮	hi1	
公	gong1	
公	gang1	方
蘭	lang5	
興	heng1	
興	heng3	
並	beng6	
並	bong6	白
併	beng6	
併	bong6	白
共	gang7	
關	guang1	文
關	guen1	白
兵	bian1	
弟	di6	
谷	gok4	
谷	iok8	
穀	gok4	
其	ki5	
具	gu6	
單	duan1	
單	siang5	
單于	siang5 u1	
典	diang2	
差	ca1	
差	ce1	
差	ci1	bound
前	zoin5	
首	siu2	
酋	iu5	
茲	zv1	
茲	cv5	bound
兼	giam1	
着	dioh4	
著	dioh4	
着	dioh8	
著	dioh8	
黃	vn5	
巽	sung3	
黈	tau3	方 
黌	hong5	
黌	huang5	又
冀	gi6	
黇	tiam1	
馘	gok4	
夔	kui5	
囅	diang2	
人	nang5	訓
人	ring5	文
人	nang7	方
入	rip8	
個	gai5	
個	go6	
個	gai7	方
今	gim1	
從	cong5	
介	gai3	
侖	lung5	
倉	cvng1	
倉	cang1	
令	leng6	
令狐	leng5 hu5	
仝	dang5	白
仝	tong5	文
叢	zang5	
傘	suan3	
全	cuang5	文
全	zvng5	白
會	hue6	
會	hue6	文
會	oi6	白
會	guai3	
合	hah8	
合	hap8	方
合	gah4	方
合	gap4	方
合	ho5	
企	gi6	文
企	kia6	白
衆	zeng3	白
衆	zong3	文
僉	ciam1	
佘	sia5	
余	v5	
舍	sia3	
捨	sia3	
命	meng6	文
命	mian7	白
俞	ru5	
俎	zo2	
俎	zu2	又
禽	kim5	
舒	su1	
僰	pak8	
龠	iak4	
億	ek8	
仁	ring5	
什	zap8	
甚	sim6	
甚	sip8	又
仃	deng1	
仆	hu3	
仆	pok4	又
僕	bok8	
仉	zion2	
仇	ciu5	
化	hue3	
化	hue1	
仍	reng5	
僅	gvng2	
仂	lek8	
們	mung5	
仨	san1	
仕	sv6	
仗	ziang6	
付	hu3	
代	toi3	
代	do7	
仙	siang1	
儀	ngi5	
仟	coin1	
仡	kvk4	
仫佬	moh4 lau2	
伋	gip4	
仞	rim2	
他	ta1	
仔	zv2	
仔	gian2	訓
仔	zai2	bound
仔	zv2	
佇	diu2	
伉	kang3	
仿	huang2	
彷彿	huang2 huk4	
伙	hue2	
伙	hue3	方
夥	hue2	
夥	hue3	方
僞	ngui6	
伕	hu1	
傳	tuang5	文
傳	dvng5	白
傳	dvng7	
偉	ui2	
優	iu1	
休	hiu1	
伎	gi6	
伛	u2	
伍	ngou2	+姓
伍	ngou6	
仳	bi2	
伐	huak8	
伐	huah8	方
伏	hok8	文
伏	pak4	方
伢	ghe5	
佤	ua1	
仲	dong6	
份	hung7	
倫	lung5	
價	ge3	
價	gai3	
傖	cang1	文
傖	cvng1	白
仵	ngou2	
件	gian6	
任	rim6	
任	rim7	
傷	sion1	
倀	ciang1	
倀	ziang3	俗
倀	ziang1	又
仰	ngiang2	
似	sv6	
伊	i1	方
佗	to5	
位	ui7	
住	zu6	文
住	diu7	白
伴	puan6	
佞	leng6	
體	ti2	文
體	toi2	白
何	ho5	
估	gou1	
估	gou2	又
佐	zo2	
佑	iu6	
佧	ka2	
攸	hiu1	
但	dang6	
伸	sing1	
伸	cung1	俗
佃	doin6	
伶	leng5	
佚	ik8	
作	zak4	文
作	zoh4	白
伯	beh4	
㑳	ziu3	
佟	tong5	
傭	iong5	
佣	iong6	
低	di1	
佝僂	gu1 lu1	
你	lv2	
𠏮	dui3	方
佁	i2	
伺	sv6	
佛	huk8	
佛	huk4	
伽	gia1	
侘傺	ca3 zi3	
佽	cv3	
佼	gau2	
依	i1	
儕	se5	
佯	iang5	
佯	siang5	俗
儂	long5	
儂	nang5	方
俠	hiap8	
佳	gia1	
侍	si6	
佶	gik4	
佶	kiak4	又
佬	lau2	
佴	ri7	
佴	nai6	
佌	cv2	方
供	geng1	
僥	ngiau5	bound
僥幸	hiau1 heng6	
徼幸	hiau1 heng6	
儌幸	hiau1 heng6	
使	sai2	
使	sai3	
侉	kua1	
佰	beh4	
侑	iu6	
例	li7	
侄	diak8	
姪	diak8	
偵	zeng1	
侶	lv6	
侗	tong5	
𪜶	ing2	方！
侃	kang3	
側	cek4	
側	zeh4	
佾	ik8	
佻	tiau1	
侏	zu1	
僑	kiau5	
佺	cuang5	
儈	guai3	
侜	diu1	
譸	diu1	
侈	ci2	
侈	ti2	方
佩	bue6	
珮	bue6	
侔	mou5	
信	sing3	
儔	tiu5	
儼	ngiam2	
儷	li6	
便	biang6	
便	piang1	
便	pin1	又
倆	liang2	
俅	kiu5	
俏	ciau2	
俚	li2	
俚	li5	俗
保	bo2	白
保	bau2	文
俜	peng1	
促	cok4	
修	siu1	
儉	kiam6	
佮	gah4	方！
俘	hu1	
俗	sok8	
俄	ngo5	
俐	li6	
侮	bhu2	
俑	iong2	
俑	iong3	俗
侹	teng2	
俊	zung3	
竢	sv6	
俟	ki5	bound
侵	cim5	
侯	hou5	
侯	gau5	
倌	guan1	
倥傯	kong2 zong2	
倍	bue6	
俯	hu2	
倦	guang6	
俸	hong6	
倩	ceng3	
倩	ciah4	
債	ze3	
俵	biau2	
倻	ia5	
借	zioh4	
借	zia6	
偌	ria2	
值	dak8	
值	dek8	
倳	sai7	方
倴	pung1	
倚	i2	文
倚	in2	又、文
倚	ua2	白
俺	nang2	訓
倒	do2	白
倒	do3	白
倒	dau2	文
傾	kuang1	
倘	tang2	
倘	siang5	bound
俶	sok4	
俶	tek4	bound
倬	doh4	
倮	lo2	
脩	siu1	
倏	siap4	
俳	bai5	
俱	gu6	
倡	ciang3	
候	hau7	
倭	o1	文
倭	oi2	俗
倪	ngi5	文
倪	ghoi7	
俾	bi2	
倜儻	tek4 tang2	
倨	gv6	
倔	kuk4	
停	teng5	
停	deng5	方
偏	piang1	
僂	lu2	
僨	hung2	
做	zo3	
偃	iam2	
偃	iam1	俗
偭	miang2	
偕	gai1	
偕	hai5	俗
償	sion5	
偪側	bek4 cek4	方
偈	gi6	
偈	giak4	又
偈	giak8	
偶	ngou2	
偎	ui1	
偎	ui2	又
偷	tau1	
傀儡	gui2 lui2	
偁	ceng1	
傯	zong2	bound
健	giang6	文
健	gian7	白
假	gia2	文
假	ge2	白
假	gian2	文
假	ge3	白
偓	ok4	
傢	ge1	
儐	bing1	
傍	pang5	
傍	bang6	又
儲	tu5	
傲	ngau6	
傣	tai3	
傎	diang1	
傅	hu3	
傅	bou3	
傈僳	liak8 cek4	
儻	tang2	bound
翛	siau1	
儺	no5	
傫	lui6	方
催	cui1	
傻	sa6	
傺	zi3	
像	cion6	
像	sion3	
像	siang6	
僮	zuang6	
僮	tong5	
僮	dong5	
僦	ziu6	
僧	zeng1	
僖	hi1	
儆	geng6	
僡	hui6	
僳	cek4	bound
僚	liau5	
僭	ciam3	
儩	sv3	
僬僥	ziau1 ngiau5	
儃	siang5	
僵	giang1	
殭	giang1	
儋	dam1	
僻	piah4	
僻	piah8	又
儒	tu5	
儡	lui2	bound
勺	ziak4	
勺	ciah8	方
勻	ung5	
勿	muk4	文
勿	mai3	訓
勾	gau1	
匄	gai3	
句	gu3	
句	gau1	
匆	cong1	
怱	cong1	
悤	cong1	
包	bau1	
旬	sung5	
匈	heng1	
匈	hiong1	又
甸	diang6	
匋	tau5	
匋	iau5	
訇	hong1	
匍匐	pou2 pek4	
匐	pek4	bound
匏	pau5	
夠	gou3	文
夠	gau3	白
幾	gi1	文
幾	gui2	白
幾	gua3	又、白
幾	gi2	
凡	huang5	
凡	huang6	
鳳	hong6	
夙	sok4	
鳧	hu5	
凱	kai2	
憑	peng5	
凴	peng5	
凰	huang5	
凰	uang5	又
凳	deng3	
櫈	deng3	
兒	ri5	
兀	uk4	
元	nguang5	
允	rung2	
兄	hian1	
充	cong1	
光	guang1	文
光	gvng1	白
先	soin1	白
先	sing1	文
兌	due6	
兌	dui3	
克	kiok4	
剋	kiok4	
兕	si2	
免	miang2	文
免	ming2	白
兔	tou3	
黨	dang2	
兜	dau1	
兢	keng1	
𠓗	hu7	
ㄙ	sv1	
去	kv3	
弁	biang6	
矣	i7	
叄	san1	
參	cam1	
參	siam1	
參差	cam1 ci1	
參差	cam1 ca1	
畚	bung3	
能	leng5	
又	iu7	
又	iu6	又
叉	ce1	
扠	ce1	
雙	sang1	
聖	sian3	
聖	seng3	方
取	cu2	
叔	zek4	白
叔	sok4	文
受	siu6	
叟	sou2	
敘	su6	
難	lang5	
難	lang7	
疊	tah8	
𠭴	dih4	方
聚	zu6	
燮	siap8	
廷	teng5	
延	iang6	
建	giang6	
衛	ue6	
印	ing3	
卯	bhau2	
卻	kiak4	
邵	siau6	文
即	ziak4	
巹	gvng2	
卸	sia3	
卿	keng1	
隊	dui7	
阡	ciang1	
防	huang5	
阱	zen2	
阮	nguang2	
阮	uang2	方
阫	bui1	
陣	ding7	文
陣	zung7	白
陽	iang5	文
陽	ion5	文
陰	im1	
階	gai1	
阪	bang2	
陀螺	to5 lo5	
陸	lek8	白
陸	lok8	文
陸	lak8	
際	zi3	
阿	a1	
阿	o1	
阿訇	a1 hong1	
隴	leng2	
陳	ting5	
陳	dang5	
陳	cing5	方
陳	ding5	方
阽	diam3	
阽	iam5	又
阻	zo2	
阼	zu6	
陂	bi1	
陂	pi5	
陂陀	bo1 to5	
陘	heng5	
附	hu3	
陔	gai1	
陝	siam2	
陋	lou6	
陌	mek8	
降	gang3	
降	hang5	
限	hang6	
院	in7	
陡	dau2	
陟	tek4	
隲	tek4	
陧	niap4	
隕	ung6	
隕	ung7	又
隕	ung5	俗
險	hiam2	
除	dv5	
陛	bi6	
陛	bi2	俗
陪	bue5	
陵	leng5	
陼	zu2	
陬	zu1	
陬	zou1	又
陲	sui5	
陶	tau5	+姓
陶	iau5	
陷	ham7	
隋	sui5	
隨	sui5	
隅	ngo5	
隅	ngou2	俗
隈	ui1	
隃	ru5	
隍	huang5	白
隍	vn5	白
隗	ngui5	
隗	kui5	
隗	huai5	又
隆	long5	
恩	vng2	
隘	ai2	
隘	ek4	又
隔	geh4	
隙	kiah4	
障	ziang3	
隧	sui5	
隰	sip4	
隳	hui1	
鄧	deng6	
邗	hang5	
邘	u1	
邛崍	kiong5 lai5	
邡	huang1	
鄺	kuang3	
邙	mang5	
祁	ki5	
邦	bang1	
邢	hian5	
邪	sia5	
邷	ua1	
邠	bing1	
鄔	u1	
那	na2	
邲	bik4	
邯鄲	ham1 dang1	
邴	bian2	白
邴	beng2	文
邳	pi1	
邳	pi2	又
鄴	ngiap8	
邶	bue6	
郵	iu5	
鄰	ling5	
鄒	zou1	
邱	kiu1	文
邱	ku1	白
邸	di2	
邰	tai5	
邵	sien7	
邵	siau6	又
郊	gau1	
鄭	den7	
郎	nvng5	白
郎	lang5	文
鄆	ung7	
郟	giap4	
邽	gui1	
耶	e7	
耶	ia7	又
耶	ia5	
郁	hiok4	
鬱	uk4	
郅	diak4	
鄶	guai3	
郃	kap4	
郃	hah8	又
郄	kiak4	
邾	zu1	
郇	sung5	
郇	huang5	
郝	hak4	
郝	kak4	又
酈	leh8	
酈	li6	
郚	u5	
郢	teng2	
鄖	ung5	
郛	hu1	
郗	hi1	
郤	kiah4	
郜	gau3	
郡	gung6	
部	bou6	
郭	gueh4	
郯	tam5	
鄲	dang1	
都	dou1	
郪	ci1	
郴	dim1	
郫	bi1	
郾	iam2	
鄄	giang3	
鄂	ngak8	
郿	bhai5	
郿	mi6	又
鄗	hau2	
鄌郚	tang5 u5	
鄣	ziang1	
鄣	ziang3	
鄘	iong5	
鄜	hu1	
鄠	hu6	
鄢	iang1	
鄞	ngvng5	
鄚	mok8	
鄙	pi2	
鄯	siang6	
鄱	po1	
鄱	bo1	又
酇	zang3	
酇	co5	
酃	leng5	
酆	hong1	
凶	hiong1	
兇	hiong1	
函	ham5	
幽	hiu1	
豳	bing1	
刀	do1	
刁	diau1	
刃	rim2	
切	ciak4	
分	hung1	文
分	bung1	白
分	hung7	
芻	cu1	
危	ngui5	
危	guin5	方
負	hu6	
爭	zen1	
色	sek4	
龜	gu1	
龜	giu1	方
龜茲	kiu1 cv5	
奐	huang3	
券	guang3	
剪	ziang2	白
剪	zoin2	白
象	cion6	
象	siang6	
棼	hung1	
夐	heng6	
夐	heng3	又
劈	pek4	
劈	poh4	又
力	lak8	
辦	poin7	
辦	bain7	又
辦	bang7	文
勸	kvng3	
功	gong1	文
功	gang1	白、方
勱	mai6	
加	gia1	文
加	ge1	白、方
動	dong6	文
動	tang6	白
動	dang6	白
劣	luak4	
劫	giap4	
勞	lau5	文
勞	lv5	白
勵	li6	
助	zo6	
男	nam5	
劬	gu1	
剄	gen3	
努	no3	
劭	siau6	
劾	kek4	
劾	hek4	又
劼	kiak4	
勢	si3	
𠡒	dui2	
劻	kuang1	
勃	buak8	
勳	hvng1	
勉	miang2	
勇	iong2	
勍	keng5	
勣	zeh4	
勐	meng2	
勘	kam1	
勘	kam3	又
勩	hi6	
勩	si3	又
勖	hiok4	
𠢕	ghau5	
勤	kvng5	
募	mo6	
勰	hiap8	
汁	zap4	
汀	teng1	
汀	deng1	俗
匯	hue6	
彙	lui2	
彙	hue6	又
漢	hang3	
汈	diau1	
汗	guan7	白
汗	hang2	文
汗	hang5	bound
污	u1	
江	gang1	
汏	tuah4	方
汏	tua7	方
汛	sing3	
汕	suan3	
汕	suan1	俗
汐	sek4	
湯	tvng1	
汊	ce1	
汜	sv6	
池	di5	
汝	rv2	文
汝	lv2	白
汴	biang6	
汶	bhung5	俗
汶	bhung7	文
沆	hang5	
潙	ui5	
沁	cim3	
滬	hu6	
沉	dim5	
沈	sim2	
瀋	sim2	
灃	hong1	
汪	uang1	
沛	pai3	
沞	zap4	方
漚	au1	
漚	au3	方
汧	kiang1	
汫	zian2	方！
沅	nguang5	
潕	bhu2	
沐	mok8	
沔	miang2	
汰	tai3	
汰	tua7	方
瀝	leh8	
沘	bi2	
沚	zi2	
沏	ciak4	
沌	dung6	bound
洰	gv2	
洰	gek8	
汩	guk8	
汨	mek8	
汨	mik8	又
汭	rue7	
泛	huang3	
汎	huang3	
氾	huang3	
滄	cang1	
汹	hiong1	
洶	hiong1	
汾	hung1	
淪	lung5	
沃	ok4	
沃	ak4	方
汽	ki3	
沂	ki5	
渢	hong1	
沕	bhih4	方
沒	mok8	
沒	muk8	又
溝	gau1	
汲	kip4	
沙	sua1	白
沙	sa1	文
泐	lek8	
濘	leng5	
沱	to5	
泣	kip4	
注	zu3	
註	zu3	
注	zu3	文
注	du3	白
泫	hiang5	
泮	puang3	
泌	bi3	
泳	iong3	
沫	bhuah8	
沫	muak8	又
淺	ciang2	
淺淺	ziang1 ziang1	
法	huak4	
沽	gou1	
沭	suk8	
河	ho5	
泔	gam1	
洩	siap8	
沾	diam1	
霑	diam1	
瀘	lu5	
瀧	long5	
瀧	sang1	
淚	lui6	
沮	zu1	
沮	zu1	俗
油	iu5	
泱	iang1	
泂	guang2	
潑	puah4	
潑	puak4	方
泅	siu5	
泗	sv3	
泠	leng5	
泆	ik8	
泆	ek8	又
泊	boh8	
泊	boh4	
波	bo1	
沿	ing5	
沿	iang5	又
泃	gu1	
泖	bhau2	
濼	lok8	
泡	pa6	
泡	pau3	
泡	pau1	
涇	geng1	
治	di7	
治	di5	方
治	tai5	方
泯	ming5	
澤	zek8	
沸	huk4	
泓	hong5	
泥	ni5	
沼	riao3	
滻	suan2	
瀏	liu5	
瀏	liu3	俗
濟	zi3	
洨	ngau5	
洨	gau1	又
濃	long5	
洲	ziu1	
洋	ion5	白
洋	iang5	文
渾	hung6	
渾	hung1	
浒	hv2	
浒	hu2	
瀉	sia3	
浹	hiap8	
浹	giap8	又
洭	kang1	
窪	ua1	
潔	giak4	
洘	ko2	
澆	nau1	
洱	rv2	
洪	hong5	文
洪	ang5	白
洹	huang5	
灑	sai3	
澾	dak8	
洿	u1	
洧	ui2	
洊	zing3	
洸	guang1	
泚	cv2	
洌	liak8	
湞	zeng1	
濁	zuak8	
濊	ue3	
洄	hue5	
浉	sv1	
洞	dang7	白
洞	tong7	文
洞	tong5	
湮	ing1	
湮	ing7	又
測	cek4	
洽	ziap8	
洮	tau1	
洮	to5	白
洕	ing7	方
洙	zu1	
洗	soi2	
洗	siang2	
活	uah8	
活	guak4	方
洑	hok8	
涎	iang6	
洎	gi6	
洢	i1	
洫	hak4	
派	pai3	
洺	meng5	
洛	lok8	
洵	sung5	
津	zing1	
潯	cim5	
濜	zing6	
洳	ru5	
浣	uang2	
澣	uang2	
𣶍	zvng7	方
流	liu5	文
流	lau5	白
潤	rung6	
澗	gang2	
涕	ti3	
浪	lang6	文
浪	nvng7	白
淶	lai5	
浦	pou2	
澇	lau3	
澇	lau5	俗
浙	zik4	
涑	sok4	
浯	u5	
酒	ziu2	
濤	tiu5	
𣴨	pin7	方
漣	liang5	
消	siau1	
涉	siap8	
涅	niap4	
渦	o1	
渦	gue1	
浬	li2	
浬	hai2 li2	
浞	cok4	
涓	giang1	
溳	ung5	
浥	ip4	
浥	ih4	方
潿	ui5	
涔	ngim5	
浮	pu5	
浮屠	pu5 tu5	
浛	ham5	
涂	tu5	文
塗	tou5	方
浠	hi1	
浴	iok8	文
浴	ek8	白
澮	guai3	
浩	hau1	
浩	hau2	又
海	hai2	
浜	bang1	
浜	bing1	俗
滌	dek8	
渙	huang3	
漲	ziang3	
浼	mue6	
浼	mue2	又
湧	iong3	
湧	eng2	方
浚	zung3	
涘	sv6	
澀	siap4	
浸	zim3	
淧	bhik8	方
淙	zong1	
淀	deng6	
淀	diang6	
瀋	sim2	
涴	u3	
涪	pou2	
淳	sung5	
淬	zui6	
液	ek8	
液	sioh8	方
淤	v3	
淯	iok8	
淡	dan6	白
淡	dam6	文、方
深	cim1	
清	ceng1	
漬	zv3	
漬	zv7	又
淩	leng5	
渚	su2	
瀆	dok8	
淇	ki5	
淋	lim5	文
淋	nam5	白
淋	lim5	
淞	song5	
淅	sek4	
淹	iam1	
淹	im1	方
涯	ngai5	
涿	dok8	
渠	kv5	
佢	kv5	
漸	ziam6	
漸	ziam1	
淑	sok4	
淖	zau6	
淖	cioh4	方
混	hung6	
淠	pi3	
涸	hak4	
涸	ko2	訓
澠	miang2	
澠	sing5	
淫	im5	
婬	im5	
淦	gam3	
淆	ngau5	
淆	nau1	又
殽	ngau5	
殽	nau1	又
淵	iang1	
添	tiam1	文
添	tin1	白
淮	huai5	
淝	bui5	
漁	hv5	
淘	tau5	文
淘	do5	白
淴	huk4	
滲	cam1	
潚	sok4	方
涮	suang3	
涮	sueh4	俗
涵	ham5	
淥	lok8	
淄	zv1	
渲	suang1	
渟	teng5	
渧	di3	方
渡	dou7	
遊	iu5	
游	iu5	
灣	uang1	
溠	za1	
漊	lau5	
湔	ziang1	
滋	zv1	
澒	hong6	
濆	hung5	
濆	pung5	又
湁集	zap8 zip8	方！
湛	dam1	
湛	zam3	又
湛	kam1	俗
港	gang2	
渫	siak4	
滯	ti3	
溚	dap4	
湖	ou5	
渿	nai6	
湘	siang1	
渣	za1	
湮	ing1	
渤	buak8	
湎	miang2	
湎	miang5	俗
湨	gek8	
渺	miau2	
溼	sip4	
濕	sip4	
湜	sik8	
湜	sek4	又
潰	kui6	
濺	ziang2	
濺	ziang1	bound
溫	ung1	
渴	guah4	
渭	ui2	
滑	guk8	
湍	zuang1	
湲	uang5	
漵	su6	
渝	ru5	
湓	pung5	
湃	pai3	
湫	ciu1	
湫	ciau2	
湟	huang5	
溲	siau1	
溲	sou2	
溉	kai3	
湣	miang2	
湣	ming5	又
渥	ok4	
湑	su1	
湄	bhai5	
湄	mi5	又
滁	tu5	
滁	cu5	又
滓	zai2	
溶	ion5	訓
溶	iong5	又
濱	bing1	
滂	pang5	
滈	hau2	
漷	gueh4	
滾	gung2	
灤	luang5	
漓	li5	bound
灕	li5	
溏	tang5	
溟	meng5	
滘	ga3	
溯	suak4	
溯	su3	又
溢	ek4	
溢	i3	又
灩	iam7	
溱	zing1	
溱	cing5	
溹	sok4	方
溘	kap4	
㼆	eng5	
㼆	iong5	又
㴷	dam5	方
灄	niap4	
滿	muan2	
漠	moh8	
漠	mok8	又
溥	pou2	
滒	go1	方
滒	ga3	方
滆	geh4	
溧	liak8	
滇	diang1	
滇	diang6	俗
溽	rok8	
源	nguang5	
濾	lv6	
溻	tap4	
溷	hung6	
溦	mui5	
滍	di6	
濫	nam6	
滔	tau1	
溪	koi1	
滏	hu2	
滃	ong2	
滃	ong1	
潷	bik4	
溴	hiun3	
溜	liu1	
霤	liu3	文
霤	lau3	白
灘	tuan1	
澦	v6	
溺	nek8	
㴩	iong1	
演	ing5	
演	iang5	又
漳	ziang1	
滴	dih4	
漉	lok8	
漩	suang5	
漾	iang6	
漖	ga3	
瀠	eng5	
瀠	iong5	又
瀟	siau1	
灠	nam2	
漂	piau1	
漂	bio3	
漂亮	piau1 liang6	
漕	cau5	文
漕	zo5	白
漱	sok4	
漱	suak4	又
漱	ciu3	方
潢	huang5	
漆	cak4	
漙	tuang5	
漘	dung5	
滹沱	hu1 to5	
漫	bhuang6	
漫	bhuang2	又
漯	lo5	
漯	tak4	
漶	huang6	
瀦	zu1	
⿰氵⿱孚冗	nim3	方！
瀲灧	niam2 iam7	
漪	i1	
漪	i2	俗
澉	gan2	
漏	lau7	
漏	lau2	方
濰	rui5	
潼	tong5	
澈	tiak4	
瀾	lang5	
潛	ciam5	
澍	su6	
澎	pen5	
澎湖	pen5 ou5	
潵	sak4	
澌	sv1	
𣿅	dong6	方
潮	dio5	
潸	sang1	
潭	tam5	
潦	lau2	
潦	lau5	又
潦	liau5	
潦	liau2	文
潦	lo2	白
㵐	kiak4	
潘	puan1	
潘	pung1	方
潲	sao3	
潟	sek4	
澳	o3	
澄	teng5	
瀓	teng5	
澄	ting5	
潺	cang5	
㵤	siap4	方
澶	siang5	
濂	niam5	
濛	mong5	
瀨	nai6	
瀕	ping5	
澽	gv6	
濉	zui1	
潞	lu6	
澡	cau3	
澧	li2	
澴	huang5	
激	gek4	
澥	hai6	
澹	dan6	
澹臺	tam5 tai5	
濠	hau5	
濡	ru5	
濮	pok4	
濞	pi3	
濯	dek8	
濯	zuak8	又
瀍	tiang5	
瀔	gok4	
灌	guang3	
瀑	pak8	
濯	bau6	
瀛	uang1	
瀛	iong5	文
瀚	hang5	
瀚	hang2	又
瀣	hai6	
瀽	giang2	
瀹	iak4	
灞	ba3	
灝	hau2	
憶	i3	
憶	ek8	又
忉	dau1	
忙	mang5	
忖	cung2	
懺	ciam1	
懺	cam3	又
忭	biang6	
忱	sim5	
憮	bhu2	
忮	gi6	
憂	iu1	
懷	huai5	
慪	au3	
忡	cong1	
忪	song1	
忪	zong1	
愴	cang1	
愴	cang3	又
忤	ngou2	
愾	kai3	
悵	ziang3	
忝	tiam2	
忻	hvng1	
快	kuai3	文
快	kue3	白
快	kuan3	方
忸怩	niu2 ni5	
怦	peng5	
怔	zeng1	
怯	kiak4	
怙	hu6	
怵	tuk4	
怖	bu3	
𢤱	lang6	
怛	dak4	
怏	iang3	
憐	liang5	
性	sen3	
怍	za3	
怕	pan3	
㥮	ca2	
懌	ek8	
怪	guai3	
怪	gue3	方
𢙼	heng6	方
怩	ni5	bound
怫	huk4	
怡	i5	
惱	nau2	
惲	hung6	
恇	kuang1	
慟	tong3	
恃	si6	
恭	giong1	
恆	heng5	
恓惶	ci1 huang5	
恢	kue1	
懨	iam1	
恍	huang2	
恫吓	tong5 heh4	
愷	kai2	
惻	cek4	
恰	kap4	
恬	tiam5	
恬	diam5	方
恬	diam7	又、方
恤	suk4	
恪	kak4	
恂	sung5	
恨	hvng6	
憫	miang2	
悌	di6	
悅	ruak8	
悅	ruah8	方
悖	bue6	
悖	buak8	俗
悟	ngo6	
悚	song2	
悄	ciau2	
悄	ciau1	
悍	hang2	
悝	kue1	
悝	kui1	又
悃	kung2	
悒	ip4	
慳	giang1	
悔	hue3	
悛	cuang5	
惋	uang2	
惇	dung1	
驚	gian1	
悴	zui6	bound
惦	diam3	
憚	dang6	
惓	kuang5	
惓	kung5	又
悷	li7	方
愜	giap4	
情	ceng5	
情	zian5	
悻	heng6	
惜	sioh4	
慚	cam5	
悱	hui2	
悼	zau6	
惘	bhuang2	
懼	gu6	
惕	tek4	
惆悵	tiu5 ziang3	
惆悵	ziu1 ziang3	俗
悸	gui3	
悸	guin7	又
悸	kui6	俗
惟	rui5	
惟	rui6	又
惛	hung1	
惚	huk4	
慘	cam2	
惙	cuak4	
慣	guang3	方
慣	guin3	白、方
愔	im1	
憤	hung2	
慌	huang1	
愊	bek4	方
惰	duan6	
慍	ung2	
惺	seng1	
憒	kui6	
愕	ngak8	文
愕	ngoh8	
愣	leng5	
惴	cui2	
愉	ru5	
愎	bek4	
愀	ciau2	
惶	huang5	
愧	kui6	
慨	kai3	
慊	kiam2	
慊	kiak4	
愫	su3	
慕	mo6	
懾	niap4	
慎	sing2	
慥	zau6	
慥	cau3	又
慵	iong5	
慷	kang1	
慢	mang7	
慢	bhuang6	
憧	tong5	
憧	dong5	又
憎	zeng1	
懂	dong2	
憓	hui6	
憬	geng2	
憔悴	ziau1 zui6	
懊	o3	
懊	au3	文
懍	lim2	
憷	co2	
懶	lang2	
憾	ham6	
㦙	nga3	方！
懈	hai6	
懦	no3	
懵懂	mong2 dong2	
寧	leng5	
宄	gui2	
宄	kui2	又
它	ta1	
宇	u2	
守	siu2	
宅	teh8	
安	uan1	白
安	ang1	文
字	ri7	
字	rv6	
完	uang5	
宋	song3	
宏	hong5	
牢	lo5	
寵	tong2	
實	sik8	
宓	mik8	
寶	bo2	
宗	zong1	
定	dian7	白
定	deng6	文
宕	dang6	
宕	dang3	又
宜	ngi5	
官	guan1	
審	sim2	
宙	diu6	
宙	diu2	又
宛	uang2	
宣	suang1	
宦	huang6	
宥	iu6	
宬	seng5	
室	sik4	
宮	geng1	
憲	hiang3	
客	keh4	
宰	zai2	
害	hai7	
寬	kuang1	文
寬	kuan1	白、方
宧	i5	
宸	sing5	
家	ge1	白
家	gia1	文
家	ga1	方、bound
家	kia1	方
宵	siau1	
宴	ang3	
容	iong5	
賓	bing1	
密	mik8	文
密	bhak8	白、方
寅	ing5	
寄	gia3	
寇	kou3	文
寇	kau3	白、方
寂	sok4	
宿	suah4	
宿	siau1	
宿	siu3	
宿	siu7	方
寒	hang5	文
寒	guan5	白、方
富	bu3	
寔	sik8	
寓	ngo6	
寓	ngo5	俗
寐	mue6	
寢	cim2	
寢	zim2	又
塞	sak4	文
塞	tak4	白
塞	sai3	
騫	kiang1	
寞	mok8	
蜜	bhik8	白
蜜	mik8	文
寨	ze7	
賽	sai3	
搴	kiang1	
寡	guan2	
察	cak4	
寥	liau5	
寤	ngo6	
寮	liau5	
褰	kiang1	
寰	huang5	
豁	hak4	
謇	kiang2	
蹇	kiang2	
𡫬	gek4	方
廣	guang2	文
廣	gvng2	白
廣	am1	
莊	zuang1	文
莊	zvng1	白
莊	zang1	
慶	keng3	
應	eng3	
應	ing3	方
虜	lu5	
廡	bhu5	
牀	cvng5	
床	cvng5	
庋	gi2	
庋	gui2	又
庫	kou3	
庇	bi3	
序	su6	
龐	pang5	
龐	pang5	文
龐	bong5	白
店	diam3	
廟	bhio7	
廢	hui3	
府	hu2	
庖	pau5	
底	doi2	白
底	di2	文
底	di7	又
庚	gen1	
庠	siang5	
廊	lang5	
度	dou7	
度	dak8	
庥	hiu1	
席	cioh8	+姓
蓆	cioh8	
席	siah8	
座	zo7	
唐	tang5	文
唐	dvng5	白、方
庭	teng5	文
庭	dian5	白、方
庶	su3	
庹	toh4	
庵	am1	
庳	bi1	
廎	keng2	
庾	ru5	
庸	iong5	
康	kang1	
廋	sou2	
廉	niam5	
廉	niam3	
廓	guak4	
廒	ngau5	
廑	gvng2	
腐	hu1	
腐	hu7	
廖	liau7	
廛	tiang5	
廩	lim2	
穈	mi5	
廨	hai6	
廨	gai3	俗
門	mung5	
閂	suang1	
閂	cuan3	訓
閃	siam2	
閉	bi6	
問	mung7	
闖	cuang3	
閔	miang2	
悶	bhung7	
悶	bhung6	又
閏	rung7	
閒	oin5	
閑	oin5	
闈	ui5	
閎	hong5	
間	gang1	
間	goin1	
間	goin3	
鬧	nau7	
鬧	nau6	又
鬧	lau7	方
閟	bi3	
閘	zah8	
閡	hek4	
閡	hai6	又
閡	hoin6	方
閨	gui1	
聞	bhung6	
闥	tak4	
閩	mang5	
閭	lv5	
闓	kai2	
閤	kap4	
閤	goh4	
閥	huak8	
閣	goh4	
閱	luak4	
閱	luah8	方
閬	lang5	
閬	lang3	方
閫	kung2	
䦷	cui2	bound
鬮	kau1	
闡	siang5	
閼氏	iang1 zin1	
閾	hok8	
閹	iam1	
閶	ciang1	
閿	bhung5	
鬩	hek4	
鬩	ngi3	俗
閻	ngiam5	
閽	hung1	
闊	kuah4	
闌	lang5	
闃	kuak4	
闋	kueh4	
闕	kueh4	
闕	kiak4	又
闔	kap4	
闐	tiang5	
闞	kam2	
闞	ham2	
遼	liau5	
邊	biang1	文
邊	bin1	白
迂	u1	
達	dak8	
過	gue3	
邁	mai6	
遷	ciang1	
迄	ngvk4	
迅	sing3	
巡	sung5	
這	ze2	
迒	hang5	
進	zing3	
遠	iang2	文
遠	hen6	白
違	ui5	
運	ung7	
還	huang5	文
還	hoin5	白
還	huan1	白
迍邅	dung1 ziang1	
連	liang5	
連	ling5	又
連	hian5	
迓	ghia3	
迕	ngou2	
近	gvng6	
返	huang2	文
返	dvng2	訓
迎	ngeng5	
遲	ci5	
遲	di5	方
述	suk8	
迪	dek8	
迥	guang2	
迭	diak4	
迮	zeh4	
迤	i2	
迤	i5	bound
迫	bek4	
邇	ni2	
邇	rv2	又
迨	dai6	
迢	tiao1	
迦	gia1	
跡	ziah4	
迹	ziah4	
送	sang3	
迸	beng6	文
迸	bong3	白
迷	mi5	
逆	ngek8	
逆	geh8	方
逃	do5	
適	sek4	
適	dek8	
選	suang2	
追	dui1	
逅	hou6	bound
逄	pang5	
迻	i5	
退	to3	
遜	sung3	
遞	di6	
逑	kiu5	
逝	si7	
邐	li2	
逗	dau7	
逗	dau1	又
逋	bu1	
速	sok4	
逐	dok8	
逍遙	siau1 iau5	
逞	teng2	
途	tu5	
造	zau6	
透	tau3	
逢	hong5	
𨓈	guak4	
逖	dek8	
逛	guang3	
逡	cung1	
逡	zung3	俗
通	tong1	
逭	guang2	
逵	kui5	
逴	doh4	
邏	lo5	
逶迤	ui2 i5	
逸	ik8	
逮	di6	
逮	dai6	又
逯	lok8	
遒	iu5	
道	dau6	
遂	sui5	
遍	bing3	
遍	biang3	又
逼	bek4	
遇	ngo6	
遺	rui6	
遏	hak4	
遄	zuang1	
逾	ru5	
遑	huang5	
遁	dung6	
遐	hia5	
遐	hia3	俗
遨	ngau5	
遨	ngau6	俗
遘	gou3	
遢	dah4	bound
遣	kiang2	
遝	dah8	
遙	iau5	
遛	liu3	
遮	zia1	
遭	zau1	
遴	ling5	
遵	zung1	
暹	siam5	
邆	teng5	
遹	luk8	
邅	ziang1	
遽	gv6	
邀	iau1	
邀	hiau1	又
邀	giau1	方
邂逅	hai6 hou6	
避	bi7	
邃	sui5	
邈	miau2	
邋遢	lah4 dah4	
邋遢	lap4 tap4	又
寸	cung3	
對	dui3	
寺	ri7	
導	dau6	
尋	cim5	
尋	cin5	方
尋	siam5	方
壽	siu7	
將	ziang1	
將	ziang3	
封	hong1	
封	huang1	白
耐	nai6	
辱	rok8	
射	sia7	
射	iah4	
射	ia7	
尉	ue3	
尉	uk4	文
尊	zung1	
扎	zak4	
紮	zak4	
紥	zak4	
打	da2	
打	pah4	訓
打	deng3	方
撲	pok4	
扒	ba1	
扒	be5	
扔	reng5	
擴	kuang3	
擴	kuak4	又
捫	mvng5	
扞	hang2	
扛	gvng1	
扛	gang1	文
扣	kau3	
扣	ka3	俗
釦	kau3	
扦	ciang1	
托	toh4	
託	toh4	
執	zip4	
扱	zap4	方
扚	dek8	方
掃	sau3	
揚	iang5	
揚	cion5	方
颺	iang5	
抖	dau2	
抃	biang6	
抆	bhung5	
抗	kang3	
護	hu6	
扶	hu5	
撫	bhu2	
摶	tuang5	
技	gi6	
抔	pou5	
抔	pong2	俗
摳	kau1	
擾	riau2	
扼	eh4	
拒	gv6	
扽	dung3	方
找	dau2	
批	poi1	
扯	ce2	
抄	cau1	
抄	sa1	方
掆	gvng1	
掄	lung5	
扮	bang3	
扮	buang6	方
搶	cion2	
搶	cang1	
折	zih4	
折	zih8	又
摺	zih4	
摺	zih8	又
抓	zua1	
扳	bang2	
投	dau5	
扺	zi2	
抑	ak4	
拋	pau1	文
拋	pa1	白
抒	su1	
抉	guak4	
抉	ueh4	
扭	niu2	
扭	nau6	方
把	ba2	文
把	be2	白
擬	ngi2	
㩳	sang2	
報	bo3	
擓	guai3	
擰	leng5	
拕	dua6	方
拉	la1	
拄	zu2	
拄	zu6	俗
攔	lang5	
拌	puang3	
抨	peng5	
抹	bhuah4	
拓	tak4	
搨	tak4	
拔	buak8	文
拔	boih8	白
攏	long2	
揀	gang2	文
揀	goin2	白
拈	niam1	文
拈	ni1	白
擔	dang1	文
擔	dan1	白
擔	dan3	
押	ah4	
抽	tiu1	
捵	diang2	
拐	guai2	
柺	guai2	
拎	leng5	
抶	diak4	方
拃	zak4	
拖	tua1	
拖	to1	方
拊	hu2	
拊	bhu2	方
拍	pah4	
拆	tiah4	
擁	iong3	
擁	ong6	方
抵	di2	文
抵	doi2	白
拘	ku1	
抱	po6	白
抱	pau6	文
抿	ming5	
拂	huk4	
拙	cuag4	
拚	bian3	
拚	peng1	
擡	tai5	
招	zio1	白
招	ziau1	文
披	pi1	
撥	puah4	
撥	bhuah4	又
擇	doh8	
拇	m2	
拇	bho2	又
拗	a2	方
拗	au2	
挖	uai1	
挓挲	te1 so1	
按	ang3	
擠	zi3	
擠	zin3	俗
拼	peng1	
揮	hui1	
挾	hiap8	文
挾	goih8	白
拭	sek4	
拭	cik4	俗
掛	gua3	
掛	kua3	又
掛	gue3	方
持	ti5	
拮据	kiak4 gv6	
拷	kau2	
掗	ak4	
拱	giong2	
撻	tak4	
挎	kua1	
撾	zua1	
撾	go5	
撓	nau5	
擋	dang3	
擋	dang3	文
擋	dvng3	白
拽	hi6	
𢶀	hi6	
㨟	hoi1	方
㨟	koi1	方、又
拴	cuang5	
拾	sip8	
拾	zap8	
挑	tiau1	
挑	tio1	方
挺	teng2	
括	guak4	
撟	giau2	
挌	lak8	方
指	zi2	
指	zvng2	
指	zoin2	
指	gi2	方
掙	zeng1	
掙扎	zeng1 zak4	
撏	cim5	
撏	zim5	方
挪	no5	
拯	zing2	
拶	zak4	
拶	zang2	
撈	lau5	
撈	liau5	又
振	zing2	
振	ding2	方
捕	bu6	
捂	u1	
捄	giu3	
𢭪	kioh8	方！
𢭪	kioh4	方！
捎	siau1	
捎	sau1	又
𢱡	so6	方
𢲸	lou6	方
捍	hang2	
捏	niak4	
挰	ten5	方
捉	cok4	
捆	kung2	
綑	kung2	
捐	giang1	
損	sung2	
挹	ip4	
捌	boih4	
捋	luak4	
捋	luk8	
挼	rue5	
撿	giam2	
挫	co5	
搗	dau2	
換	uan7	白
換	huang3	文
輓	mang2	
挽	mang2	
𢳟	tong2	文
𢳟	tvng2	白
𢳟	tvng7	又
捘	zung6	方
挨	ai1	文
挨	oi1	白
挨	ngai5	
捃	gung6	
揤	cik4	方
控	kong3	
掊	pou2	
掊	bue2	方
接	zih4	文
接	ziap4	白
掠	liah8	
捽	zuk4	
掂	diam1	
掖	ek8	
擲	dan6	
撣	tam5	
撢	dang6	
掞	iam7	
掞	siam3	又
捩	li6	
掮	kiang5	
掮	goin1	俗
探	tam3	
捧	pong2	
捧	hong6	又
掭	tiam3	
揶	ia5	
措	cu3	
掿	nak8	
掎	gi2	
描	miau5	文
描	bhio5	白
捱	ngai5	
捺	nap8	
捺	nai6	俗
掩	iam2	
掩	iam1	俗
㧻	doh4	方
捷	ziap8	
捯	dau2	
掯	keng2	
掉	diau7	
擄	lu2	
排	bai5	
摑	gok4	
授	siu6	
捻	niam3	
撚	niam3	
捶	dui5	
搥	dui5	
推	tui1	
推	cui1	又
捭	bai2	
掀	hvng1	
掀	hiang1	又
掀	hiaun1	俗
掬	giok4	
掏	tau5	
掐	kap4	
摻	cam1	
掇	doh8	
掇	cuak4	俗
㩋	sau3	
捸	li3	
據	gv6	
掘	guk8	
摜	guang3	
摜	guan6	方
攪	giau2	
揎	suang1	
揢	keh4	
揞	an1	
揨	dian1	方
擱	goh4	
搓	co1	
搓	ca1	俗
摟	lou2	
揂	ciu5	方
搃	zang2	
揙	biang2	
揳	kiak4	
揍	cou3	
揕	zim2	
揲	diap8	方
搭	dah4	
搽	ca5	
揸	za1	
揠	ak4	
揩	koi1	白
揩	gai1	文
攬	nam2	
提	ti5	
揖	ip4	
搵	ung3	方
揭	giah4	
揭	gik4	
揌	sai1	
揣	cui2	
援	iang6	
揄	ru5	
揄	iu5	方
撳	kim3	
撳	kim2	俗
擿	sek4	方
揪	ciu1	
插	cah4	
搜	siau1	
蒐	siau1	
攙	cam1	
搔	sau1	
揆	kui1	
揉	riu5	
摒	bing2	
握	ok4	
撧	zoh4	
掾	uang3	
搳	hak4	
擯	bing3	
搞	gau2	
搪	tang5	
搐	tek4	
搛	giam1	
搠	suak4	
搉	kak4	
搕	kap4	
攝	niap4	
搑	leng2	
摸	mo5	
摸	mou5	又
摸	mong5	俗
搏	pak4	
攄	su1	
攄	cv1	方
摁	vng1	
擺	bai2	
搖	iau5	文
搖	io5	白
擕	hi6	
搋	cui1	
搬	buan1	
攤	tuan1	
搡	suang2	
搌	diang2	
搦	nak8	
搦	nek8	又
摘	diah4	
摭	ziah4	
摝	lok4	方
摔	suk4	
摔	zuk4	又
𨄮	suk4	
𨄮	zuk4	又
㨹	zue7	方
摽	piau2	
摽	piau5	
摵	sek4	方
撇	puah4	
撂	liak8	
摞	loh8	
摧	cui1	
攖	eng1	
㨮	dau1	方
摎	liu7	方
摎	lau1	方
撖	ham3	
攛	cuang3	
撞	zuang6	
撴	dung1	
撤	tiak4	
撙	zung1	
攆	leng2	
擷	kiak4	
撕	sv1	
撒	sak4	
撒	suah4	方
擖	kak4	
撩	liau5	
撅	kiak4	
撅	giah4	方
撑	ten1	
撑	ten3	方
撮	coh4	
擒	kim5	
播	bua3	
㩍	cah4	方
撬	giau6	
撰	zuang6	
擅	siang6	
擻	sou2	
擂	lui5	
㩒	kin5	方
擀	gang2	
撼	ham2	
操	cau1	
擐	huang5	
㩹	tiap8	方
擗	pek4	
㩟	zai1	方
擦	cak4	
擩	ru2	
攃	suah4	方
擤	sang3	
擤	hvnh4	
擢	zuak8	
擢	dek8	又
擸	lah4	方
擸	luah8	方
攉	kak4	
攢	zang3	
攢	zuang3	又
攘	riang2	
攫	kiak4	
攥	zang2	
攮	lang2	
工	gang1	
巧	ka2	
巧	kiau2	文、方
鞏	kiong2	
攻	gong1	
巰	kiu5	
曌	zio3	
土	tou2	
壙	kuang3	
圩	u1	
圩	hv1	
圬	u1	
圭	gui1	
圪	ngvk4	
圳	zung3	
塵	ding5	
塵	tung5	
塵	deng5	
圮	pi2	
圯	i5	
地	di7	
地	do3	方
圾	kip4	bound
場	dion5	
場	ciang5	方
墳	pung5	
坊	huang1	
坊	huang2	俗
坑	ken1	
壇	duan5	
罈	tam5	
罎	tam5	
壞	huai6	
壞	pue1	
址	zi2	
堅	giang1	
壩	ba3	
坐	zo6	
圿	goih4	方
坌	pung3	
圻	ki5	
阪	bang2	
坂	bang2	
均	gvng1	
坍	tang1	
坍	dang1	俗
坎	kam2	
坎坷	kam2 ko1	
塢	u3	
塊	go3	俗
墜	dui6	
坨	to5	
垃圾	la1 kip4	文
垃圾	nah4 sap4	白
幸	heng6	
倖	heng6	
坪	peng5	文
坪	pian5	白
坷	ko1	
塋	eng5	
塋	iong5	又
坩	gam1	
坯	pue1	
坺	pueh8	方
壟	long2	文
壟	leng2	白
坫	diam3	
壚	lu5	
坦	tang2	
坤	kung1	
坰	keng5	
垇	au2	
坻	di2	
坼	cek4	
坡	bo1	
坭	ni5	
坳	au1	
垞	ca5	
垵	ang2	
垓	gai1	
垟	iang5	
型	heng5	
垚	ngiau5	
堊	ak4	
埡	a3	
埡	u3	又
垣	huang5	
墶	dak8	
垮	kua1	
垤	diak4	
城	sian5	
墊	diang6	
垌	dang7	
垌	tong5	
塏	kai2	
垡	huak8	文
垡	pueh8	白
垍	gi6	
垧	hiang2	
垢	gou3	文
垢	gau2	白
垢圿	gau2 goih4	方
垕	hou6	
垛	do5	俗
垜	do5	
壘	lui2	
墾	kvng2	
垠	ngvng5	
垸	uang5	
埔	bou1	
埂	gen2	
埕	dian5	
塒	si5	
垾	huan7	方
埋	mai5	
堝	ue1	bound
壎	hvng1	
袁	uang5	
埒	luak4	
埃	ai1	
培	bue5	
埻	zung2	
墠	siang6	
堎	leng7	
堵	du2	
域	hok8	
基	gi1	
埴	sek4	
埼	ki5	
埯	am2	
塹	ziam6	
塹	zam2	俗
埸	ek8	
堌	gu3	
埝	niam6	
埵	do5	
堆	dui1	
堆	du1	又
堆	dung1	俗
埤	bi1	
埤	bui1	
堋	peng5	
埠	bou1	
堍	tou3	
埽	sau3	
埭	do7	方
墮	dui6	
塃	huang1	
堪	kam1	
堞	diap8	
塔	tah4	
堰	iam2	
堰	iam1	俗
堙	ing1	
堤	doi1	
塭	ung3	方
塄	leng5	
塅	dvng7	
堠	hau7	
堡	bau2	
塘	tang5	文
塘	dvng5	白
塑	suak4	
塑	su3	又
㙟	lang6	
墓	mo6	
塨	giong1	
填	tiang5	
塬	nguang5	
塌	tap4	
塌	tap8	又
堽	gang1	
境	geng2	
墒	siang1	
塾	sok8	
墉	iong5	
牆	cion5	
墻	cion5	
墈	kam3	
墘	gin5	方！
墟	hv1	
墅	su2	
墁	bhuang2	
墩	dung1	
墡	siang6	
增	zeng1	
增	zeng7	方
墦	huang1	
墀	ci5	
壅	iong2	文
壅	eng3	白
墼	gek4	
壁	biah4	
壕	hau5	
壑	hak4	
疆	giang1	
壤	riang2	
士	sv6	
壯	zang3	
吉	gik4	
吉貝	ga1 bua3	方
吉貝	ga1 beh4	方
吉貝	ga1 boh8	方
殼	kak4	
聲	sian1	
壺	hu5	
壼	kung2	
壹	ik4	
壹	zek8	訓
喆	diak4	
喜	hi2	
嘉	gia1	
嚭	pi2	
馨	heng1	
懿	i6	
藝	ghoi7	
艾	hian7	
艾	ngai6	文
艽	gau1	
艽	giu2	俗
節	zak4	+姓
節	zoih4	
艿	ni1	
芒	mang5	文
芒	men5	白
芝	zv1	
芋	ou7	
芏	dou6	bound
芊	ciang1	
芍藥	ciag4 iak8	
芑	ki2	
芎䓖	giong1 kiong5	
芨	gip8	
薌	hiang1	
芳	huang1	文
芳	pang1	白
苧	diu6	
芯	sim1	
芯	sing3	
蘆	lu5	
芙	hu5	
芙	pu5	又
芫	nguang5	
芫荽	uang5 sui1	
蕪	bhu5	
芸	ung5	
蕓	ung5	
蕓薹	ung5 tai5	
葦	ui2	
芾	huk4	
芾	hui3	又
芰	gi1	
芣	piu5	
藶	leh8	bound
苉	pik4	
苣	gv6	
芽	ghe5	
芷	zi2	
芮	rue7	
莧	hoin7	
芩	ngim5	
蓯蓉	cong5 iong5	
芥	gai3	
芬	hung1	
蒼	cang1	
芼	mau3	
萇	ciang5	
花	hue1	
芹	kvng5	
芪	ki5	
芡	kiam6	
芟	sang1	
芶	gou2	
苡	in2	bound
芭	ba1	
蘇	sou1	
甦	sou1	
范	huang6	
範	huang6	
茓	huak8	
茓	uak8	又
苾	bik8	
煢	kuang5	
蘋	ping5	
茉莉	muak8 li6	
苷	gam1	
苦	kou2	
苯	bung2	
苛	ko1	
苤藍	pi2 nam5	
若	riak8	
若	rioh8	方
蘢	long5	
茂	mou6	
茂	mong6	俗
苫	siam1	
苫	siam2	
苜蓿	mok8 sok4	
苴	zu1	
苗	miau5	
苗	bhio5	
苒	riam2	
英	eng1	
苢	in2	
䔛	keng2	
茁	cuak4	
苓	leng5	
苶	niap4	
苲	za3	
苻	hu5	
茌	sv5	
蔦	ziau2	
蔦	niau2	文
苑	uang2	
苟	gou2	
茆	mau5	
苞	bau1	
苞	pau3	俗
莖	keng5	
苔	tai5	
茅	mau5	
苠	ming5	
茀	huk4	
茄	gio5	
茄	gia1	
苕	diau1	
苕	siau6	
茫	mang5	
茳芏	gang1 dou6	
蕩	dang6	
盪	dang6	
蕩	dvng6	方
茭	gau1	
薺	ci5	
茨	cv5	
茨	zv5	俗
荒	huang1	文
荒	hen1	白
茺	cong1	
荄	gai1	
榮	iong5	
葷	hung1	
莢	goih4	
荊	geng1	
茸	rong5	
蒨	ceng3	
蒨	si1	
茬	ca5	
茬	za1	又
薦	zing3	文
薦	zin1	白、方
荋	rv5	方
荑	i5	
荑	ti5	
蕘	ngiau5	
草	cau2	文
草	co2	白
艸	cau2	
繭	goin2	
莒	gv2	
莒	gi2	又
茼蒿	tong5 hau1	文
茼蒿	dang5 o1	白
茵	ing1	
茴	hue5	
荃	cuang5	
薈	hue6	
薈	guai3	又
茶	de5	
茱萸	zu1 ru5	
莛	teng5	
蕎	kiau5	
茯	hok8	
荏	rim6	
荇	heng6	
茗	meng5	
荀	sung5	
蕒	bhoi2	
蕁	cim5	
茛	gvng3	
藎	zing6	
藎	ziang2	
蓀	sung1	
荍	kiau5	
蔭	im1	
蔭	im3	
廕	im3	
茹	ru5	
荔	li6	
葤	diu6	
葒	hong5	
藥	ioh8	
莎	so1	
莎	sa1	
莞	guang2	
莞	uang2	俗
莞	uang2	
藭	kiong5	bound
莘	sing1	
莨	liang5	
莨	nvng5	
莨菪	lang6 dang6	
萊	lai5	
荸薺	buak8 ci5	
莰	kam2	
茝	ci2	
茝	zi2	又
莆	pu5	
莽	mang2	
蓮	noin5	
蒔	si5	
莫	mok8	
莫邪	mok8 ia5	
鏌釾	mok8 ia5	
萵苣	o1 gv6	
莩	hu1	
莩	biau2	
荽	sui1	
薟	hiam1	方
荼	tu5	
莝	co5	
莉	li6	
莠	iu2	
莪	ngo5	
莓	bhue5	
蒞	li6	
荷	o5	
荷	o6	
荷	ho3	bound
莜	iu5	
蓧	diau3	
荻	dek8	
獲	uak8	
穫	uak8	
蕕	iu5	
蓴	sung5	
萍	peng5	
萍	pio5	訓
菏	o5	
菹	zu1	
菭	ti5	
菠	bo1	
菠薐	bue1 leng5	方
菪	dang6	bound
菅	gang1	
菅	guang2	又
菩薩	pu5 sak4	
萃	zui6	
萃	cui3	又
菸	hung1	方！
菼	tam2	
營	ian5	
菁	zeng1	
菁	cen1	俗
菾	tiam1	
菱	leng5	
著	du3	
著	dioh4	
蘀	toh4	
萁	gi1	
菘	song5	
萘	nai6	
萋	ci1	
菽	sok4	
菲	hui1	
菲	hui2	
菖	ciang1	
萌	meng5	
萜	tiap4	
蘿	lo5	
蘿蔔	lo5 bok8	
菌	kung2	
菜	cai3	
棻	hung1	
萎	ui2	
雈	huang5	
萸	ru5	bound
菂	dek8	古
菊	gek4	
菔	hok8	
菟	tou3	
菟	tu5	古
萄	to5	
萏	dam2	bound
蔘	sam1	
蕭	siau1	
薩	sak4	
菡萏	ham5 dam5	
菰	gou1	
菇	gou1	
菑	zv1	
葓	hong5	
蒎	pai3	
落	loh8	
落	lak4	方
落	lauh8	方
落泊	loh8 boh8	
落拓	loh8 toh4	
萱	suang1	
葖	duk8	
蒂	dih4	
蔣	zion2	
葶藶	deng5 leh8	
蔞	lu5	
葑	hong1	
葚	sim6	
葚	sim5	又
葫蘆	hu5 lu5	文
葫蘆	hou5 lou5	白
葳蕤	ui5 sui5	
蕆	tiang2	
蕆	cang2	又
葬	zvng3	
葺	cip4	
葛	guah4	
蕢	kui6	
葸	si2	
萼	ngak8	
蓇葖	guk4 duk8	
萩	ciu1	
董	dong2	文
董	dang2	白
葆	bau2	
葩	ba1	
葎	luk8	
菉	lek8	
葡萄	pu5 to5	
蔥	cang1	
葵	kui5	
葭	gia1	
蒗	lang6	
蒲	pu5	
蓉	iong5	
蒡	pang5	
蒡	bang2	又
蒟	gv2	
蓑	sui1	
簑	sui1	
蒿	hau1	
蒺藜	zik8 li5	
蓄	tiok4	
蒹	giam1	
蒴	suak4	
蒙	mou5	
蒙	mong5	又
濛	mou5	
濛	mong5	又
矇	mou5	
矇	mong5	又
蓂	meng5	
蓁	zing1	
蒜	svng3	
蓍	si1	
蓍	si7	又
爇	riak8	
蓐	rok8	
藍	nam5	
藍	na5	
蒽	vng1	
蓊	ong1	
蓓蕾	bue6 lui2	
蓖	bi1	
蓏	lo2	
蓬	pong5	
蒯	guai3	姓
薊	gi3	
薊	gi6	又
蕷	v6	bound
蒻	riak8	
蒸	zeng1	
蕖	kv5	
蔻	kou3	
蓿	sok4	bound
蔗	zia3	
蔟	zok8	
藺	liang6	
蔽	bi7	
藹	ai2	
蔧	hui6	
薔	ciang5	
蔫	iang1	
蓺	ghoi7	
蔌	sok4	
蔓	bhuang6	
蔓菁	bhuang6 cen1	
甍	meng5	
蔑	mik8	
衊	mik8	
衊	mak4	方
蔸	dau1	
蓰	si2	
蔡	cua3	
蓼	liau2	
蔚	ue3	
蔚	uk4	
薀	ung1	
蘄	ki5	
蕊	lui2	
䔮	soi1	
蕙	hui6	
蕈	cim6	
蕨	kiak4	
蕤	sui5	
蕞	cuak4	
蕺	cip4	
蕃	puang1	
蕃	huang1	
蕃	bo1	
蕉	zio1	
蔛	hok8	
蔬	so1	
蘊	ung2	
薄	boh8	
薄	bek4	
薄荷	boh8 ho3	
藪	sou2	
薪	zing1	
薪	sing1	又
薏苡	i3 in2	
蕹	eng3	
蕾	lui2	
蕾	lui5	又
蕻	hong3	
蕻	hong5	
薤	hai6	
蘋	ping5	
薨	uang1	
薯	zv5	
藷	zv5	
薙	ti3	
薐	leng5	
薛	sih4	
薇	mui5	
薝卜	siam5 bok8	
薜	pi3	
薜	pek4	俗
薅	hau1	文
薅	kau1	白
薸	pio5	
藁	gau2	文
藁	go2	白
薷	ru5	
藉	zia6	
薹	tai5	
藏	cang5	
藏	zang6	
藐	miau2	
藊	biang2	
薰	hvng1	
薰	hung1	又
蘚	siang2	
藩	puang1	
藕	ngou2	
藜	li5	
藠	gio6	
藤	ding5	
藻	cau3	
蘑	mo5	文
蘑	bhua5	白
藿	kak4	
蘧	kv5	
䕧	gau6	方
孽	ngiak8	
蘅	huang5	
蘘	riang5	
櫱	ngiak8	
蘼蕪	mi5 bhu5	
蘸	zang3	
蘸	ziau1	俗
大	dua7	白
大	dai6	文
大	tai3	
太	tai3	
夯	hang2	
夯	bung2	
誇	kua1	
奪	doh8	
夵	lu1	方！
夼	kuang2	
奩	niam5	
奀	vng1	
奈	nai6	
奔	pung1	
逩	pung1	
奇	ki5	
奇	gi1	文
奇	kia1	白
奮	hung3	
奄	iam1	
奅	pan3	方
獎	ziang3	
奕	ek8	
契	koi3	
契	ki3	
契	kiak4	
契	siak4	
奎	gui1	
耷	dah4	
奓	zia3	文
奓	de3	白
奓	zia1	
套	tau3	
奘	zang3	
奢	cia1	
奠	diang6	
敧	ki1	
欹	ki1	
奧	o3	
奭	sek4	
樊	huang5	
異	i6	
棄	ki3	
弄	long6	
弆	gv2	
奕	ek8	
弇	iam2	
舁	v5	
弊	bi7	
尤	iu5	
尨	pang5	
尬	gai3	bound
尥	liau3	
尷尬	gam3 gai3	
弋	ek8	
弌	ik4	
弌	zek8	訓
弍	ri6	
弍	no6	訓
弎	san1	
式	sek4	
甙	dai6	
小	siau2	文
小	sio2	白
少	zio2	
少	siau3	
尕	ga3	
爾	rv2	
尖	ziam1	
當	dvng1	
當	dang3	文
當	dvng3	白
肖	siau6	
肖	siau1	
尚	siang6	
尚	sion7	方、bound
和尚	hue5 sion7	
嚐	sion5	
嘗	sion5	
嘎嘎	giak4 giak4	
堂	dvng5	白
堂	tang5	文
棠	tang5	
輝	hui1	
耀	iau6	
口	kau2	
𰇇	no7	方！
葉	hioh8	
葉	iap8	
葉	hiap8	
號	ho7	
號	hao1	
叮	deng1	
只	zi2	
祇	zi2	
隻	ziah4	
叭	ba5	
叭	ba1	
嘰	gi1	
叱	cek4	
叱	duah4	俗
臺	tai5	
檯	tai5	
颱	tai5	
嘆	tang3	
歎	tang3	
叼	diau1	
叫	gio3	
叩	kau3	
叨	tau1	
叨	dau1	
叻	lak8	bound
實叻	sik8 lak8	
叻	leh4	方
另	leng5	
另	reng5	又
召	diau6	
召	siau6	
吁	u1	
籲	ru6	
嚇	heh4	
吓	heh4	
吐	tou3	
吋	cung3	
吋	eng1 cung3	又
呂	lv6	
吊	diau3	
弔	diau3	
吃	ngvk4	
喫	ngvk4	
吃	gvh4	方
吃	kvh4	方
吒	za1	
吒	ca3	
名	mian5	白
名	meng5	文
吸	kip4	
吆	iau1	
嗎	ma1	
嗎	ma6	
嗎啡	ma2 hui1	
吭	kang3	
吭	ken3	
唚	cim3	
吣	cim3	
呈	tian5	
呈	dian5	
吳	ghou5	
嘸	bho5	
囈	ghoi7	
囈	ngi3	方
呆	dai1	
獃	dai1	
呆	ngai5	
吾	u5	
吱	zin1	
呔	tai2	
吠	bui7	
嘔	au2	
否	houn2	
否	pi2	
否	pai2	本
吥	buk4	
吰	hong5	
嚦	leh8	
呃	oh4	
呃	eh4	又
噸	dung1	
噸	tang1	俗
呀	ia1	
呀	ia7	
吵	cau1	
員	uang5	
員	ung5	
員	ung6	
唄	bai7	
唄	be7	又
吶	nap8	
吟	ngim5	
含	han5	方
含	gam5	白
吩咐	hung1 hu3	
嗆	ciang1	
嗆	ciang2	
吽	hong1	
告	gau3	文
告	go3	白
吞	tung1	
聽	tian1	
聽	teng3	
吹	cue1	
吻	bhuk4	
吻	muk4	又
嗚	u1	
嗚呼	u1 hu1	
吮	rung2	
呎	cioh4	
呎	eng1 cioh4	又
吲哚	ing2 do5	
吧	ba1	
吧	ba7	
邑	ip4	
吼	hau2	
嚀	leng5	bound
咏	iong3	
詠	iong3	
味	bhi7	
咑	dok8	
哎	ai1	
哎	ai7	又
咕	gu1	
咕剁	gu1 do5	
呵	ho1	
呵	o1	又
呵	o1	方
呵	ha1	
咂	zap4	
呸	pai2	
呸	pui2	又
呸	pui3	方
嚨	leng5	
咔	ka2	
呫囁	ziam1 niap4	
咀	zu1	
咀	cui3	
呾	dan3	方！
呻吟	sing1 ngim5	
呷	ah4	
呷	ap4	又
咒	ziu3	
呪	ziu3	
咄	duk4	
咄	cuak4	俗
咄	duah4	方
呬	hi3	
呼	hu1	
呼	u1	又
呼	hou1	方
呼	kou1	
咋	za3	
知	zai1	
知	di1	又
知	di3	
和	hua5	
和	hue5	方
和	ho6	
咐	hu3	bound
呱	gua1	
呱	gu1	
呱	ua1	俗
咚	dong1	
咎	giu6	
鳴	meng5	
呴	gok4	方
咆	pau5	
咍	hai1	
呢	ni5	
呢	ni7	
呶	nau1	
咖啡	gia1 hui1	
咖喱	ga1 li5	
𠱀	pueh8	方！
呣	m6	
呣	m7	
呦	iu1	
呦	hiu1	又
噝	si1	
咤	ca3	
咤	teh4	又
咬	ga6	
齩	ga6	
諮	zv1	
咳	hai6	
咳	ga1	又
咳	hai1	
咩	meh4	
咪	mi1	
噥	long5	
哐	kuang1	
哇	ua1	
哇	ua7	
咭	gak8	
咭嗶	gak4 bik4	
咭嗶	gak4 bik8	又
啞	e2	
啞	ia1	bound
哄	hong1	
哄	hong2	
哄	hong3	
哂	siang2	
咵	kua1	
咧	lih8	
咧	le7	
咦	i5	
嘵	hiau1	
嗶嘰	pek4 gi1	
嗶嘰	bik8 gi1	
雖	sui1	
品	bing2	
咽	ing1	
嚥	iang3	
咽	ik4	
噦	ueh4	
𠹛	kah4	方！
噲	guai3	
噲	oi6	方！
哈	ha1	
哈	hah4	又
哈	hah4	
哈	gap4	
啕	tau5	bound
咮	diu6	
咻	hiu1	
譁	hua1	
嘩	hua1	
咱	za1	
咿呀	i1 ia1	
響	hiang2	
咯	koh4	
咯	lo7	
咯	gok4	
嚱	hi3	
哆嗦	do1 so1	
哞	mou5	
唚	cim5	
哏	gvng3	
哪	na2	
哪	na7	
哪吒	na5 za1	
哪吒	la5 za1	俗
哟	io1	
哟	io7	
唁	ngang3	
哼	hvn1	
哼	hvn2	
嘜	mak8	
唗	dau1	
嗊吥	gong3 buk4	
哧	ci1	
哮	hau1	
嘮	lau5	
哺	bu6	
哺	bou7	方
哽	gen2	
唔	m6	方！
啢	nion2	
啢	eng1 nion2	又
脣	dung5	
哲	diak4	
哳	ziauh4	
哨	sau3	
哨	sa3	方
嗩吶	so2 nap8	
哩	li7	
哩	li2	
哩	eng1 li2	又
哩	li1	
哩嚕	li1 lu1	
哭	kau3	
哭	kok4	又
喎	o1	
唏	hi1	
唑	zo6	bound
哦	o6	
哦	o7	
哦	ngo5	
唣	zau6	
喚	huang3	
唆	so1	
唉	ai1	
唉	ai7	
唚	zim1	方！
唧	ziak4	
啊	a7	
啊	o7	又
啊	o6	
哿	ko2	
啵	bo7	
唼	zap4	
啐	cui3	
唷	iok8	
唳	li6	
獸	siu3	
啖	dam6	
啷	lang1	bound
唪	hong2	
嘖	zeh4	
啈	hvn2	
唶	zeh4	
喏	ria2	
喏	na7	
喏	nap8	
喵	miau1	
啉	lim5	bound
啉	nim1	方
啦	la7	
啪	pah4	
唵	am6	方
啄	doh4	
囀	zuang2	
𡂿	ou1	
啡	hui1	bound
啡	pai2	方
啡	pui2	又、方
啡	pui3	方
齦	keng2	
囓	ngiak4	
唬	houn2	
唬	heh4	
嘓	gok4	
唱	ciang3	文
唱	cio3	白
啱	ngam1	方！
囉	lo7	
囉	lo5	
啥	sa6	
唾	to2	
唯	rui5	
唯	rui6	
售	ciu5	
啤	bi5	
啁	ziu1	
唿	huk4	bound
啜	cuak4	
嘯	sau3	
唰	sueh4	
嚳	kok4	
喧	suang1	
喀	keh4	
啼	ti5	
啻	ti3	
喑	im1	
瘖	im1	
喨	liang6	bound
嗟	za1	
嘍	lo7	
嗞	zv1	
噴	pung3	
喋	diap8	
嗒	dah4	
噠	dak4	
喃	nam5	
喳	za1	
喳	ca1	
喇	la1	
喊	ham3	
喱	li5	bound
喹啉	gui1 lim5	
喈	gai1	
呰窳	zv1 ru2	
喁	iong5	
喁	ngo5	又
嗢	uk4	
喝	hak4	
喝	huah4	又
喝	uah4	又
喝	duah4	俗
喂	ui2	
餵	ui2	
喟	kui3	
喟	ui2	俗
喌	zok4	
喘	cuang2	
喻	ru6	
㖹	bung5	
㗑	bai7	
㗑	bai5	
啾	ciu1	
喤	huang5	
嗖	sou2	
喉	au5	
喔	o1	
喔	ok4	
喙	hui3	
嗨	hai2	
嗐	hai7	
嗙	pang2	
嗌	eh4	
嗛	kiam2	
嗍	suh4	
嗷	ngau5	
嗉	su3	
膆	su3	
嗦	so1	bound
囁嚅	niap4 ru5	
嘟	dou1	
嗜	si7	
嗑	kap4	
噁	u3	
嗔	zing1	
嗔	tiang5	文
嗝	geh4	
嗄	sah4	
嗄	o6	
嗣	sv6	
嗯	vn6	
嗯	vn2	
嗯	vn7	
噯	an6	
噯	ai7	
嗡	ong1	
嗲	dia6	
嗅	hiu3	
嗥	hau1	
嗓	sang2	文
嗓	svng1	白
嗤	ci1	
轡	bi3	
嘧啶	mik8 deng6	
嘀咕	dek8 gou1	
嗻	zvh8	
嘛	ma7	
嗾	sou2	
嘞	le7	
嘈	cau5	
嗽	sau3	
嘌呤	piau1 leng6	
嘁	cek4	
嘎	kak4	
噓	hv1	
噓	si1	
嘑頭	hu1 tau5	
嘣	bang1	
嚶	eng1	
噇	zuang6	
噌	zeng1	
噎	ik4	
噎	i3	又
嘻	hi1	
嘶	sv1	文
嘶	soi1	白
𠿺𠿺	zvng3 zvng3	
噶	guah4	
嘲	ciau2	
嘲	ziu1	
嘹	liau5	
噘	kiak4	
噆	zam2	
噆	zap4	又
嘿	he1	
嘿	mik8	
噗	puh4	
噗	pok4	又
嘬	zuh4	
噙	kim5	
噏	hip4	
噍	ziau1	
噢	o1	
嚕囌	lu2 sou1	
噔	deng1	
囑	zok4	
噀	sung3	
噀	suang6	白
噫	i1	
噷	hm2	
噻唑	sak4 zo6	
嚆	hau1	
嚄	ua7	
嚄	uah8	方
嚄	ua6	
噤	gim3	
噱	giah8	
噱	gv6	俗
嘴	cui3	
器	ki3	
噪	cau3	
譟	cau3	
噬	si7	
𠿓	sah4	方
噼	pik4	
嚓	cak4	
嚎	hau1	
㘚	ham2	
㘚	kam2	又
嚅	ru5	bound
嚏	ti3	
𡁶	zih4	
嚜	ma7	
嚯	hua7	
嚭	pi2	
嚚	ngvng5	
囂	ngau1	
嚷	riang2	
嚼	ziak4	
囔	lang2	
囚	ciu5	
四	si3	
因	ing1	
團	tuang5	
糰	tuang5	
回	hue5	
迴	hue5	
廻	hue5	
回紇	hue5 ngvk4	
囡	nam5	
囝	gian2	方
囝	gang2	方
囥	kvng3	
園	hvn5	
圍	ui5	
困	kung3	
睏	kung3	方
囤	dung1	
囤	tung5	
囮	ho3	
囮	iu2	又
圇	lung5	
囫圇	huk4 lung5	
國	gok4	
固	gu3	
囹圄	leng5 u5	
囷	kung2	
囷	kvng5	白
圖	dou5	白
圖	tu5	文
囿	iu6	
圃	pou2	
圄	u5	bound
圂	hung6	
圓	in5	
圈	kuang1	
圊	ceng1	
圉	in2	
圜	huang5	
圜	in5	
㘥	iu5	
巾	gvng1	
布	bou3	白
布	bu3	文
佈	bou3	白
佈	bu3	文
帥	sue3	
帆	pang5	
幃	ui5	
帳	dion3	
賬	dion3	
簾	niam5	
帘	niam5	
帖	tiap4	
幟	zi3	
帙	diak4	
帕	pe3	
帛	beh8	
帔	pi1	
帚	siu2	
箒	siu2	
帑	tong2	
帑	no5	俗
帡幪	peng5 mong5	
幫	bang1	
帶	dua3	
幀	zeng1	
帨	sue3	
幬	tiu5	
幬	tau5	
帵	uang1	
幘	zeh4	
常	sion5	
常	ciang5	方
常	siang5	方
幗	gok4	
帷	rui5	
幅	bak4	
帽	bho7	
幈	ping5	
幄	ok4	
幕	mo6	
幌	huang2	
幋	puang5	
幛	ziang3	
幔	bhuang6	
幔	muan1	方
幢	tong5	
幢	dong5	
幞	pok4	
幡	puang1	
幪	mou5	
幪	mong5	又
幨	ziam1	
山	suan1	
嶼	sv6	
屹	ngvk4	
歲	sue3	文
歲	hue3	白
岌	kip4	
豈	ka2	
屺	ki2	
岍	kiang1	
岐	gi1	
岐	gia6	
岐	zin1	
岐	ki5	又
嶇	ku1	
岈	ghe5	
崗	gang1	文
崗	gvng1	白
峴	hiang3	
岑	ngim5	
岕	gai3	
崙	lung5	bound
岔	ca1	
岔	ce1	又
嶴	au3	
島	dau2	
嵐	nam5	
岜	ba1	
嶨	hak8	
岵	hu6	
岢	ko2	
岸	ngai6	
巖	ngam5	
岩	ngam5	
崬	dong3	
巋	kui1	
巋	gui1	俗
岬	gah4	
嶺	nian2	
岞	zak4	
岳	ngak8	
嶽	ngak8	
岱	dai3	
岣嶁	gu1 lu5	
峂	tong5	
峁	bhau2	
嶧	ek8	
岷	ming5	
岧嶢	diau1 ngiau5	
峧	gau1	
巒	luang5	
峽	giap4	
峽	hap8	
峙	si6	
炭	tuan3	
嶢	ngiau5	
峒	dang7	
峒	tong5	
峝	dong3	
崱屴	zek4 lek8	
嶠	kiau5	
峋	sung5	bound
崢嶸	zeng1 iong5	
巇	hi1	
崀	lang6	
崍	lai5	bound
㟖	long6	
崁	kam3	
嶗	lau5	
輋	sia5	
峭	ciau2	
峪	iok8	
峪	gok4	俗
峨	ngo5	
峯	hong1	
峻	zung3	
崇	cong5	
崆峒	kong1 tong5	
崞	guak4	
崚嶒	leng5 zeng5	
崎嶇	ki1 ku1	
崎碌	gia6 lak4	
崦嵫	iam1 zv1	
崖	ngai5	
嶄	zam2	
崮	gu3	
崟	ngim5	bound
崤	ngau5	
崔	cui1	
崔	zui1	又
崩	bang1	
㟤	lok8	
崛	kuk8	
崛	kuk4	又
嵯峨	ca1 ngo5	
嶁	lu5	bound
嵫	zv1	
嶸	iong5	
嵁	kam1	
嵁	zam6	
嵌	kam2	
嵖岈	ce5 ghe5	
崴	ui1	
𨂿	ui1	
崴嵬	ui1 ngui5	
崽	zai2	
嵎	ngo5	
嵕	zong1	
嵛	ru5	
嶔崟	kim1 ngim5	
嵬	ngui5	
嵋	bhai5	bound
嵴	zik4	
嵩	song5	
崧	song5	
嶅	ngau5	
嵊	seng6	
嶂	ziang3	
嶍	sip8	
嶙峋	ling5 sung5	
嶒	zeng5	
嶡	giak4	
嶓	bo1	
嶲	sui1	
㠖	kia6	方
嶷	ghi5	
巔	diang1	
巍	ngui5	
巉	cam5	
巙	nau5	
彳亍	tek4 cok4	
行	gian5	
行	heng5	
行	heng6	
行	hen5	方
行	hang5	
彴	ziak4	
彷徨	pang5 huang5	
徹	tiak4	
役	hiah8	
往	uang2	
征	zeng1	
徵	deng1	
徂	zu1	
徑	gen3	
逕	gen3	
彼	bi2	
衍	iang6	
徉	iang5	bound
待	tai6	
徊	hai5	bound
徇	sung5	
律	luk8	
很	hvng2	
徒	tu5	
徠	lai3	
徐	cv5	
徛	gi6	文
徛	kia6	白、方
徘徊	pai5 huai5	
徜徉	siang5 iang5	
徙	sua2	
得	dik4	
銜	ham5	文
銜	gan5	白
啣	ham5	文
啣	gan5	白
街	goi1	
御	ghv6	
御	ghv7	
徨	huang5	bound
循	sung5	
衙	ghe5	
微	mui5	
徭	iau5	
繇	iau5	
德	dek4	
悳	dek4	
徵	di2	
徵	deng1	bound
衠	zung1	
徼	hiau2	
徼	giau2	
衡	huang5	
徽	hui1	
衢	kv5	
形	heng5	
彤	tong5	
彥	ngang6	
彬	bing1	
彪	biu1	
彩	cai2	
綵	cai2	
彭	pen5	
彰	ziang1	
影	ian2	
夕	sek4	
外	ghua7	
夗	vnh8	方
舛	cung2	
舛	cuang2	又
多	do1	
夢	mang7	
㩼	zoi7	方
夤	ing5	
冬	dang1	白
冬	dong1	文
處	cu3	
務	bhu6	
各	gak4	
備	bi6	
憊	bi6	
犰狳	kiu5 v5	
犯	huang6	
獷	kuang3	
犴	gang1	
犴	hang5	又
犴	ngang6	bound
獁	ma2	
狄	dek8	
犺	hang1	文
犺	ho1	白
犺	ha1	又
狂	kuang5	
猶	iu5	
狽	bue6	
狃	niu2	
狁	rung2	bound
獰	leng5	bound
狖	iu7	
狉	pi2	
狙	zu1	
狎	ap4	
狐	hu5	文
狐	hou5	白
獮	siang2	
狗	gau2	
狍	pau5	
麅	pau5	
狒	huk4	
狒	hui3	又
狩	siu2	
狡	gau2	
獄	ghek8	
狹	hiap8	文
狹	oih8	白
狨	rong5	
獅	sai1	
㹭	hi6	
獨	dok8	
獪	guai3	
猙獰	zeng1 leng5	
狠	hvng2	
猻	sung1	bound
狺	ngvng5	
狼	lang5	
狼犺	lang5 hang1	文
狼犺	lo5 ho1	白
狼犺	la5 ha1	又
狴犴	bi2 ngang6	
狴犴	bi2 gang1	俗
𤞚	siau2	
狸	li5	文
狸	lai5	白
狷	giang3	
獫狁	hiam2 rung2	
狳	v5	
猁	li6	
狻猊	suang1 ngi5	
峱	nau5	
猄	gian1	
猝	zui6	
猜	cai1	
豬	dv1	
獵	lah8	
貓	ngiau1	
貓	bha5	又
貓	mau1	
猗	i1	
猇	hau1	
猖	ciang1	
玀	lo5	
猞猁	sia3 li6	
猊	ngi5	bound
獼	ni2	
猛	meng2	文
猛	men2	白
猢猻	hu5 sung1	
猹	za1	
猰	iak4	
䝟	iak4	
猩	seng1	
猥	ui2	
猬	ui2	
猾	guk8	
猴	gau5	
猱	nau5	
猱	riu5	俗
猸	bhai5	
獉	zing1	
猿	uang3	
猨	uang3	
獐	ziang1	
麞	ziang1	
獍	geng2	
獠	liau5	
獗	kiak4	
獴	mong5	
獺	tuah4	
獾	huang1	
獾	guang3	俗
貛	huang1	
貛	guang3	俗
飣	deng3	
饑	gi1	
飥	toh4	
餳	ceng5	
飩	tung1	
餼	hi3	
飪	rim2	
餁	rim2	
飫	v3	
飭	tek4	
飯	huang6	文
飯	bung7	白
飲	im2	
飲	am2	
餞	ziang2	
飾	sek4	
飽	ba2	
飼	ci7	
飿	tuk4	
飴	i5	
餃	giau2	
餏	i1	
餅	bian2	
饒	riau5	
餌	ri7	
餌	rv6	又
蝕	sih8	
餄餎	hah4 lok8	
餉	hiang3	
餎	lok8	
餑餑	buak8 buak8	
餖飣	dou6 deng3	
餔	bu1	文
餔	bou1	白
餒	nui2	
餒	nue2	又
餓	gho7	
餕	zung3	
館	guang2	
餜	gue2	
餛飩	hung5 tung1	
餡	an7	
餷	za1	
餬	hu5	
餿	siau1	
䭔	dui1	
饞	cam5	
餶飿	guk4 tuk4	
饋	kui6	
餾	liu3	
饈	siu1	
饁	kap4	
饃	mo1	
饝	mo1	
餺飥	pak4 toh4	
饉	gvng2	
饅	bhuang6	
饊	suan3	
饌	zuang6	
饘	ziang1	
饐	i3	
饢	lang2	
歸	gui1	
錄	lok8	
彗	hui6	
篲	hui6	
彘	di6	
彝	i5	
屍	si1	
尻	kau1	
尻	ka1	白
尻	ga1	又
尼	ni5	
層	zang5	
屁	pi6	文
屁	pui3	白
尿	rio7	
尿	sui1	
屓	hi3	
屭	hi3	
屭贔	hi3 bi6	
尾	bhue2	
局	gek8	
局促	gek8 cok4	
屜	ti3	
居	gv1	
居	gi1	
屆	gai3	
屈	kuk4	
屈	kuk8	
屏	ping5	
屏	ping2	
屎	sai2	
屋	ok4	
展	diang2	
屑	siak4	
屑	suk4	又
屐	giah8	
屙	o1	
屠	dou5	
㞘	dok4	
屢	lu2	
屬	sok8	
屬	zok4	
屩	giok4	
屩	giau2	又
孱	cang1	
孱	cang3	
屣	si2	
屨	gi6	
履	li2	
羼	cang6	
己	gi2	
己	gi7	
已	in2	
巳	zi6	
巴	ba1	
弓	geng1	
引	ing2	
弘	hong5	
弛	si2	
張	dion1	白
張	ziang1	文
弦	hin5	
絃	hin5	
弧	hu5	
弤	di2	
彌	ni2	
彌漫	ni2 bhuang2	
弩	no3	
彎	uang1	
弭	ni2	
弱	riak8	
弶	kiang3	
彈	tang5	文
彈	duan7	又
弼	bik8	
強	kiang5	
強	kiang3	
強	ion5	
強	giang2	
強	giang6	
彍	kuak4	
子	zv2	
孕	reng6	
存	cung5	
孫	sung1	
孫	svng1	
孖	ma1	
孛	buak8	
孝	hau3	文
孝	ha3	
孚	hu1	
孜	zv1	
學	hak8	文
學	oh8	白
學	he6	
孟	meng6	
孤	gou1	
孤拐	gou1 guai2	
孢	bau1	
𡥘	cua7	
孥	no5	
孥	nou5	又
孩	hai6	
孿	luang5	
孳	zv1	
孺	ru5	
女	nvng2	
奶	nai2	文
奶	ni6	白
嬭	nai2	文
嬭	ni6	白
奴	nou5	
奴	nou1	
妝	zvng1	
妝	zuang1	又
粧	zvng1	
粧	zuang1	又
妄	bhuang2	
姦	gang1	
奸	gang1	
如	ru5	
妁	ziak4	
𡚸	bhou2	
嬤	bhou2	
婦	hu6	文
婦	bu6	白
妃	hui1	
她	ta1	
好	ho2	白
好	haun3	
好	hau2	文
媽	ma1	
媽	ma5	又
媽	ma2	
妨	huang5	
嬀	gui1	
妒	gou3	
妬	gou3	
妍	ngiang5	
嫵	bhu2	
嫗	u2	
妓	gi6	
妙	miau6	
妗	gim6	
妥	to2	
妊	rim6	
妖	iau1	
姊	zi2	
姒	sv6	
妤	v5	
妣	bi2	
妞	niu2	
妾	ciap4	
妺	muak8	
妹	mue7	
妹	mue6	又
妻	ci1	
妻	ci3	
姑	gou1	
妲	dak4	
妲	tang2	俗
姐	ze2	
姐	zia2	
妯娌	dek8 li2	
姓	sen3	
妷	ik8	
姈	nen1	
姍	sang1	
始	si2	
妮	ni5	
姆	m2	
奼	teh8	
孌	luang5	
姣	giau1	
姿	zv1	
薑	gion1	白
薑	giang1	文
姘	peng1	
婁	lu5	
娃	ua1	
姥	m2	
姥	lau2	
婭	a3	
耍	svng2	
姨	i5	
姨	ai5	
嬈	riau5	
嬈	riau2	
姻	ing1	
姚	io5	
姝	su5	
嬌	giau1	
娜	no5	
娑	so1	
嫺	hiang5	
娣	di6	
娘	niang5	文
娘	nion5	白
姬	gi1	
娝	pai2	
娌	li2	
娟	giang1	
媧	o1	
娛	u5	
娉婷	peng3 deng5	
娖	cok4	
娥	ngo5	
娩	miang2	
娓娓	mui2 mui2	
娭毑	ai1 zia2	
婀	o1	
婆	pua5	
婆	bo5	
嬸	sim2	
婉	uang2	
嬋	siam5	
嫏嬛	lang5 huang5	
婞	heng6	
婊	biau2	
婼羌	riak8 giang1	
婕妤	ziap8 v5	
娶	cu2	
娶	cua7	俗
婪	lam5	
嫿	ueh8	
婓	hui1	
娼	ciang1	
嬰	eng1	
婢	bi6	
婚	hung1	
婷	deng5	
𡟓	ai5	方
媒	bhue5	
㜁	za1	方
媼	au2	
媼	ung2	俗
媛	iang5	
嫂	sau2	文
嫂	so2	白
嬃	su1	
婺	bhu6	
婿	sai3	
媚	mi6	
嫁	ge3	
嬪	bing3	
嫉	zik8	
嫌	hiam5	
媾	gou3	
嫫	mo5	
嫄	nguang5	
嬡	ain3	
嬡	ai5	
媱妷	iau5 ik8	
媳	sek4	
媲	pi3	
媸	ci1	
嫜	ziang1	
嫡	diah4	白
嫡	dek8	文
嫠	li5	
嬙	ciang5	
嫩	lung3	
嫖	piao5	
嫣	iang1	
嫕	i3	
嫦	siang5	
嫚	bhuang2	
嫘	lui2	
嬉	hi1	
嫛婗	i1 ngi5	
嬜	an5	
嬗	siang5	
嬖	pi3	
嬤	ma1	
嬤	bhou2	
嬲	niau1	
嬲	hiau5	俗
嬿	iang3	
孀	svng1	
孅	ciam1	
幺	iau1	
幻	huang3	
幼	iun3	
糾	giu6	
纊	kuang3	
紆	u1	
紅	ang5	白
紅	hong5	文
紅	gang1	
紂	diu6	
縴	ciang1	文
縴	kang1	白
纖	ciam5	
纖	ciam1	又
紇	hek	
紇	ngvk4	俗
紈	iang5	
約	ioh4	白
約	iauh4	幼
約	iak4	文
級	kip4	
紀	gi2	
紉	rim2	文
紉	nvng5	白
紋	bhung5	
紋	mung7	
紡	pang2	白
紡	huang2	文
紵	diu6	
緯	ui2	
緯	hui7	
紜	ung5	
紘	hong5	
純	sung5	
綱	gang1	
納	nap8	
縱	zong3	
紛	hung1	
紗	se1	
紗	sa1	又
紝	rim6	
綸	lung5	
綸	guang1	
紙	zua2	
帋	zua2	
紓	su1	
紕	pi1	
紕	bi2	俗
紐	niu2	文
紐	nau6	
紖	ding6	
絆	puang3	
絆	puang5	俗
紺	gam1	
紲	siap8	
絏	siap8	
綫	suan3	
紱	huk4	
練	liang7	
織	zik4	
織	zeh4	又
織	ciah4	
組	zu1	
紳	sing1	
細	soi3	
紬	tiu1	
紬	diu5	
褧	guang2	
絅	guang2	
絁	si1	
終	zong1	
經	geng1	
經	gian1	白
經	geng1	文
經	gen1	
紿	dai6	
紼	huk4	
絀	cuak4	
絀	zuah8	又
絀	cuah4	
紹	siau6	
繹	ek8	
縐	riau3	
縐	niau3	又
絞	ga2	
統	tong2	
綁	bang2	
結	gak4	
結	gik4	又
絨	rong5	
繨	dak8	
繞	riau3	
絰	diak4	
給	gip4	
繑	giau2	
絎	hang5	
絳	gang3	
絡	lok8	
繪	guai3	
絕	zoh8	
絢	hiang3	
絢	sung1	俗
繼	gi3	
綈	ti5	
綆	gen2	
綃	siau1	
絹	giang3	
絹	giang1	俗
綏	sui5	
綏	sui1	
絺	hi1	
繡	siu3	
綼	bin6	
縧	tau1	
綜	zong1	
綜	zong3	
綻	deng6	
綰	uang2	
綣	kuang2	
𦅇	svng1	
績	zeh4	
綾	leng5	
緒	su2	
緅	zu1	
續	sok8	
綺	i2	
緋	hui1	
綽	ciak4	
緄	gung2	
繩	sing5	
綬	siu6	
繃	bang1	
繃	bang2	
綹	liu2	
綢	diu5	
綢繆	diu5 niu5	
維	rui5	
維	rui6	又
綿	miang5	文
綿	min5	白
緜	miang5	文
緜	min5	白
綠	lek8	
緇	zv1	
綴	due3	白
綴	cuak4	文
締	ti3	
縷	lu2	
編	piang1	
緙	gek4	
緗	siang1	
緘	kiam5	
緬	miang2	
緬	miang5	又
緪	geng1	
纜	nam2	
緲	miau2	
緹	ti5	
縕	ung2	
繢	guai3	
緝	cip4	
緦	sv1	
緩	huang2	
緩	mang7	訓
緞	dvng7	
線	suan3	
縋	dui7	
縋	tui7	又
緱	gau1	
緣	uang5	
緡	ming5	
縭	li5	
褵	li5	
繽紛	bing1 hung1	
縗	sui1	
縞	gau2	文
縞	go2	白
纏	din	白
纏	cang5	文
縑	giam1	
縊	i3	
縊	ek4	又
縛	bak8	
縝	ziang2	
縟	rok8	
縉	zing3	
縫	pong5	白 (to stitch)
縫	hong5	文 (to stitch)
縫	pang7	(crack, seam)
⿰糸屖	tin7	(to sew)
縮	sok4	
縹	piau1	
繆	mok8	
繆	niu5	
繆	niu6	
縵	bhuang2	
縲	lui5	
纓	eng1	
繅	cau5	
繕	siang6	
繒	zeng1	
纈	kiak4	
繚	liau5	
韁	giang1	
繾綣	kiang2 kuang2	
㡑	ciau1	
繯	huang5	
繳	giau2	
繳	ziak4	
䌥	eng2	
纘	zang3	
馬	bhe2	
馬	ma2	
馭	ghv6	
馱	to5	
馴	sung5	
馳	ci5	
驢	lv5	
驅	ku1	
駁	boh4	
駮	boh4	
駃騠	guak4 ti5	
駝	toh8	
駐	zu6	
駓	pi1	
駔	zang2	
駛	sai2	
駉	giong1	
駟	sv3	
駙	hu6	
駒	ku1	
騶	zou1	
驛	iah8	
駘	tai5	
駑	no3	
駕	ge3	
駭	hai6	
駢	beng6	
驍	hiau1	
罵	me7	
駧	dong7	
駰	ing1	
驕	giau1	
驊	hua1	
駱	lok8	
駱	loh8	(camel)
驫	bio1	
驪	li5	
騂	sing1	
騁	peng3	
驗	ngiam7	
駿	zung3	
騃	ngai5	
駸	cim5	
驒	to5	
騏	ki5	
騎	kia5	
騎	kia3	又
騑	hui1	
騍	ko2	
騅	zui1	
驂	cam1	
騄	lok8	
騙	piang3	
剨	uak8	
騞	uak8	
騠	ti5	
騣	zong1	文
騣	zang1	白
騌	zong1	文
騌	zang1	白
騢	hia5	
騭	tek4	
騷	sau1	
鶩	bhu6	
騸	siang3	
驁	ngau6	
驀	mek8	
騮	liu5	
駠	liu5	
驃	piau1	
騾	lo5	
驄	cong1	
驈	gik4	
驏	cang2	
驔	diang6	
驟	zou6	
驥	gi6	
驤	siang1	
驩	huan1	
甾	zai1	
邕	iong1	
巢	cau5	
傑	giak8	
炁	ki3	
點	diam2	
烈	liak8	
熱	riak8	文
熱	ruah8	白
烝	zeng1	
烹	peng1	
燾	dau2	
燾	tau5	又
焉	iang1	
焉	iang7	
煮	zv2	
然	riang5	
焦	ziau1	
煎	ziang1	
煎	zuan1	
照	zio3	
照	cio7	方
煦	hu6	
煞	suah4	
熙	hi1	
燻	hung1	
燻	hvng1	又
熊	hing5	
熟	zek8	
熬	ngau5	
爊	ngau5	
熹	hi1	
燕	in3	白
燕	iang3	文
燕	iang1	
斗	dou3	文
斗	dau3	白
鬥	dau2	
戽	hou3	
斜	sia5	
斜	sia1	又
斛	hok8	
斝	gia2	
斟	zim1	
斠	ga3	
斢	tiu3	方
文	bhung5	
齊	ci5	文
齊	zoi5	白
吝	liang6	
齋	ze1	
斌	bing1	
斐	hui1	
斐	hui2	又
齏	zi1	
斕	lang5	
方	bang1	
方	huang1	文
方	hvn1	白
方	hvn1	
方	bung1	
於	e1	
於	i1	又
於	u1	
施	si1	
旁	pang5	
旄	mau5	
旃	ziang1	
旅	lv2	
旅	li2	又
旂	gi5	
旆	pai3	
旟	v5	
旌	seng1	
族	zok8	
族	zak8	方
旎	ni5	
旋	suang5	
鏇	suang5	
旐	diau6	
旒	liu5	
旗	gi5	
旖旎	i2 ni5	
火	hue2	
滅	mik8	
灰	hu1	
灰	hui1	
燈	deng1	
灱	da1	
災	zai1	
竈	zau3	
燦	cang3	
灼	ziak4	
灸	gu3	
靈	leng5	
煬	iang5	文
煬	ion5	白
炧	sia6	
炧	to6	又
炆	bhung1	
炕	kang3	
炕	kang1	
炎	iam7	
爐	lou5	
煒	ui2	
炬	gv6	
燉	dung6	
炒	ca2	
熗	cang3	
炙	zia3	
炊	cue1	
炔	guak4	
炷	zu6	
炷	zu3	又
衒	hiang5	
爛	lang6	
爛	nuan7	白
熒	eng5	
炳	beng2	
鍊	liang7	
炯	guang2	
熾	zi3	
熾	zik4	俗
畑	tiang5	
烀	hu1	
炸	za3	
炸	zah8	
炵	tang1	方
爍	iak4	
炮	pau3	
烴	teng1	
炤	zio3	
炱	tai5	
烊	ion5	白
烊	iang5	文
燙	tvng3	
烤	kau2	
烘	hong5	
烘	hong1	
烜	hiang2	
燒	sio1	
燭	zek4	
烔	tong5	
煙	ing1	
烙	lok8	
烙	luah4	方
燴	hue6	
燁	iak4	
燼	ziang2	
燖	cim5	
烷	uang5	
燜	bhung1	
烺	lang6	
烳	bu5	方
焐	u3	
焊	hang2	
烯	hi1	
焓	ham5	
烽	hong1	
煥	huang3	
焌	cuk4	
焌	zung3	
焥	uak8	
焙	bue7	
焱	iam7	
焚	ung5	
焜	kung1	
焰	iam7	
焯	doh4	
焯	cok4	
㶿	buak8	
𤊹	buak8	
煸	piang1	
煤	bhue5	
煠	sah8	方
煳	hu5	
煏	bek4	方
煜	hiok4	
熅	ung1	
煨	ui1	
煅	duang3	
煲	bau1	
煲	bu5	
煲	bou5	
煌	huang5	
煣	riu5	
煺	tvng3	
煆	hian5	
熔	ion5	
熔	iong5	文
熇	ho1	方
熇	hoh4	
煽	siang3	
熄	sek4	
熄	sik4	又
熘	liu1	
熥	tang1	
熵	siang1	
熯	hang1	
熳	bhuang2	
熠	sip8	
熨	uk4	
燧	sui5	
燎	liau5	
燚	ik8	
燔	puang1	
燠	hiok4	
燠	au3	又
熻	hip4	
燃	riang5	
燏	luk8	
燥	cau3	
燹	siang2	
爆	bau6	
爆	pok4	方
爔	hi1	
爚	iak4	
爨	cuang3	
心	sim1	
忘	bhuang5	
忑	tek4	
志	zi3	
誌	zi3	
忒	tek4	
忐忑	tang2 tek4	
忌	gi6	
忍	rim2	文
忍	lung2	白
態	tai3	
忠	dong1	
慫	song2	
念	niam6	
唸	niam7	
忿	hung2	
忽	huk4	
總	zong2	文
總	zang2	方
思	sv1	
思	si1	方
怎	za2	
怹	ta1	
怨	uang3	
急	gip4	
怠	dai6	
懟	dui3	
怒	no7	
怒	no3	又
戀	luang3	
恣	zv3	
恙	iang6	
恝	kiak4	
恝	giak4	又
惡	ak4	
惡	u3	
惡	v3	
惡	u1	訓 (=鳥)
恚	hui3	
恐	kiong2	
恧	nek8	
慮	lv6	
恩	vng1	
恁	rim2	
恁	ning2	方
息	sek4	
懇	kvng2	
恕	su3	
愨	kak4	
懸	hiang5	文
懸	ngui5	白
懸	huin5	方
懸	guin5	方
患	huang6	
悉	sek4	
悠	hiu1	
您	lv2	
恿	iong3	
惹	ria2	
惎	gi6	
惑	hok8	
惠	hui6	
悲	bui1	
懲	teng2	
意	i3	
慈	cv5	
想	sion6	白
想	siang2	文
感	gam2	
愚	ngo5	
愈	ru2	
癒	ru2	
愁	cou5	
愆	kiang1	
愍	miang2	
愬	su3	
慝	tek4	
願	nguang6	
愿	nguang6	
憋	bih4	
慧	hui6	
慭	ngvng3	
憨	ham1	
慰	ue3	
憩	ki3	
懣	bhung7	
懃	kvng5	
懋	mou6	
戇	gong3	
戶	hou6	
啓	ki2	
房	bang5	
戾	li6	
扁	biang2	文
扁	bin2	白
扁	piang1	
扃	keng5	
扆	i2	
扅	i5	
扇	sin3	
扇	siang3	
扈	hu6	
扊扅	iam7 i5	
扉	hui1	
僱	gou3	
禮	li2	文
禮	loi2	白
禨	gi1	
礽	reng5	
社	sia6	
祀	sv6	
祊	bang1	
祅	hvng1	
祅	siang1	又
禕	i1	
祉	zi2	
視	si7	
視	si6	又
祈	ki5	
祇	ki5	
祇	zi2	
祛	ku1	
祜	hu6	
祐	iu6	
祓	huk4	
祖	zou2	
神	sing5	
祝	zok4	
祚	zu6	
祗	di1	
襧	ni2	
祠	sv5	
祥	siang5	
祧	tiau1	
禎	zeng1	
禱	dau2	
禍	hua6	
礻+尋	cim5	
禪	siang5	
祺	ki5	
祼	guang3	
祿	lok8	
禘	ti3	
禊	hi6	
福	hok4	
禔	ti5	
禚	ziak4	
禤	hiang1	
禤	hvng1	又姓
禧	hi1	
禳	riang2	
王	uang5	
王	heng5	
王	uang6	
玉	ghek8	
玎	deng1	
璣	gi1	
玕	gang1	
玖	gau2	白
玖	giu2	文
瑒	iang5	
瑪瑙	ma2 nau2	
玩	nguang2	
翫	nguang2	
瑋	ui2	
環	huang5	
琊	ghe5	
現	hing7	
玠	gai3	
瑲	cang1	
玫瑰	bhung5 gui3	
玥	ghueh8	
玦	guak4	
珏	gak4	
琺琅	huak4 lang5	
珂	ko1	
珂㼈	ko1 lo1	
瓏	long5	
玷	diam1	
珅	sing1	
玲	leng5	
珍	diang1	
玳瑁	dai3 mau6	
珀	pek4	
珊	sang1	
珉	ming5	
玻璃	bo1 li5	
珈	gia1	
璗	dang6	
班	bang1	
班禪	bang1 siang5	
琿	hung5	
琿	hui1	
瑩	eng5	
珥	ri7	
珙	gong2	
頊	hiok4	
璫	dang1	
珧	iau5	
珠	zu1	
珠	ziu1	方
珽	teng2	
珞	lok8	
璽	rv2	
珩	hang5	
珣	sung5	
琤	zeng1	
琉璃	liu5 li5	
望	mo7	
望	bhuang6	
琅	lang5	
璡	zing1	
球	giu5	
毬	giu5	
璉	liang5	
瑣	so2	
理	li2	
琇	siu3	
珺	gung6	
琮	zong1	
琬	uang2	
琯	guang2	
瓊	kuang5	
斑	bang1	文
斑	boin1	白
琰	iam2	
琛	dim1	
琫	bang2	
琵琶	bi5 be5	
琴	kim5	
琶	be5	
琪	ki5	
瑛	eng1	
琳	lim5	
琦	ki5	
琢	doh4	
琥珀	houn2 pek4	
琨	kung1	
㼈	lo5	
琚	gv1	
瑄	suang1	
瑟	sek4	
瑚	hu5	
瑁	mau6	
瑞	sui6	
瑗	iang6	
瑜	ru5	
瑰	gui3	
瑕	hia5	
瑙	nau2	
璃	li5	
瑭	tang5	
瑱	diang1	
瑮	liak8	
璦琿	ain3 hui1	
瑤	iau5	
璋	ziang1	
璇	suang5	
璇	suang7	又
瑾	gvng2	
璜	huang5	
璀	cui1	
瓔珞	eng1 lok8	
璆	kiu5	
璘	ling5	
璞	pok4	
璟	geng2	
璠	puang1	
璱	sek4	
璨	cang3	
璩	kv5	
璐	lu6	
璧	biah4	
瓌	gui3	
瓚	zang3	
璺	mung7	
瓖	siang1	
瓘	guang3	
韋	ui2	
韋	ui5	
韌	ring2	文
韌	rung7	白
韓	hang5	
韍	huk4	
韙	ui2	
韞	ung2	
韛	bi6	
韜	tau1	
木	bhak8	
術	suk8	
朮	duk8	
札	zak4	
箚	zak4	
朽	hiu2	
僕	pok4	
僕	pia1	
雜	zap8	
機	gi1	
機	gui1	方
朵	do5	
朹	ciu5	
權	kuang5	
芒果	mang5 guen2	
杆	guan1	
桿	guan1	
槓	gang3	
槓	gong3	
杜	dou6	
杖	ziang6	
杌	uk4	
村	cvng1	
邨	cvng1	
材	cai5	
杏	heng6	
杉	sam1	
杓	ziak4	
杓	ciah4	又
條	diau5	
極	gek8	
杈	ce1	
楊	iang5	文
楊	ion1	白姓
杞	gi2	
李	li2	
枓	dau2	
枓	diu2	
杭	hang5	
枋	bang1	
枕	zim2	
枉	uang2	
林	lim5	
林	na5	方
柿	pue3	方
枝	gi1	
樞	ku1	
杯	bue1	
櫃	guin7	
柜	gv2	
櫪	leh8	
杪	miau2	
杳	miau2	
果	guen2	
菓	guen2	
果	guan2	
果	ko2	方
枘	rue6	
棡	gang1	
梘	gang2	
采	cai2	
採	cai2	
松	song5	文
松	seng5	白
鬆	song1	文
鬆	sang1	白
杵	su2	
棖	ceng5	
枚	bhue5	
析	sek4	
板	bang2	
板	boin2	方
槍	cion1	
鎗	cion1	
樅	cong1	
樅	zong1	
梟	hiau1	
構	gou3	
楓	bung1	
楓	bang1	又
杼	diu2	
杼	su2	又
枇杷	bi5 be5	
杷	be5	
柒	cik4	
染	riam2	文
染	ni2	白
檸檬	leng5 mong5	
檸檬	nang5 mong2	
柁	to5	
柁	dua6	
柱	tiau6	
柿	sai6	
欄	lang5	
柈	bang3	
枰	peng5	
標	piau1	
標	bio1	
棧	zang3	
柰	nai6	
某	mong2	
柑	gan1	
枯	gou1	
枯	kou1	
櫛	zak4	
柯	ko1	文
柯	gua	白
柄	ben3	
櫳	leng5	
柘	zia3	
棟	dong3	
柩	giu6	
櫨	lu5	
查	ce5	
查	za1	
枵	iau1	
柚	iu5	
柚	iu7	
枳	zi2	
柮	duk8	
柞	za3	
柏	beh4	
栢	beh4	
柢	di2	
櫟	leh8	
櫟	iak4	
枸杞	gau2 gi2	
枸橘	gau1 gik4	
枸櫞	gv2 uang5	
柵	zah8	
柵	sang1	
柳	liu2	
枹	pu5	
樹	ciu7	白
樹	su6	文
檉	ceng1	
枲	si2	
枷	ge5	
架	ge3	
桉	ang1	
案	uan3	白
案	ang3	文
欒	luang5	
槳	zion2	
校	hau6	
校	ga3	
樁	zuang1	
核	hek4	
覈	hek4	
核	huk8	
樣	ion7	
栟	beng6	
栟櫚	beng6 lv5	
梆	bang1	
桂	gui3	
桔	gik4	
栳	lau2	文
栳	lo2	白
栲	kau2	
栲栳	kau2 lau2	文
栲栳	ga1 lo2	白
椏	a1	
栱	gong2	
栱	giong2	又
桓	huang5	
棲	ci1	
栖	si1	
栗	liak8	
栗	lak8	又
橈	rio5	
桎	diak4	
框	kuang1	
桄	guang1	
桄	kuang6	
桄榔	guang1 lang5	
檔	dang3	
柴	ca5	
桌	doh4	
楨	zeng1	
桐	tong5	文
桐	tang5	白
榿	ki1	
桃	to5	
桃	do5	
栓	cuang5	
栓	svng1	方
檜	guai3	
株	zu1	文
株	du1	白
梃	teng2	
梃	teng3	文
梃	ten3	白
栝	guak4	
栝樓	guak4 lau5	
橋	gio5	
栿	hok8	
樺	hua5	
桕	ku6	
桁	en5	
桀	giak8	
格	geh4	
栘	i5	
桅	ui5	
栒	sung5	
栩	hu2	
𣟵	hia1	方
桑	svng1	
根	gvng1	
梁	nie5	白
梁	liang5	文
梓	zv2	
梳	siu1	
棁	zuak4	
梯	tui1	
梂	giu5	方
桲	buak8	
梽	zi3	
梗	gen2	
梧	ngo5	
梵	huang6	
梵	huang5	又
械	hai6	
欐	li6	
梢	sau1	
桯	teng1	
桴	pu5	
梏	kok4	
檢	giam2	
梨	lai5	
棃	lai5	
梅	bhue5	
楳	bhue5	
桷	gak4	
桶	tang2	
梭	so1	
櫺	leng5	
欞	leng5	
樳	cim2	
棕	zang1	
棺	guan1	
槨	guak4	
榔	lang5	
棨	ki2	
棒	bang6	白
棱	leng5	
棱	leng7	
楮	du2	
棋	gi5	
椰	ia5	
植	sik8	
森	siam1	
櫝	dok8	
棫	hok8	
椓	doh4	
椅	in2	
椅	i1	
槧	ziam6	
棑	bai5	
椒	zio1	
棹	zau6	
棵	ko2	
棍	gung3	
棰	cue5	
椥	di1	
椎	zui1	
椎	dui1	
棉	mi5	
椑	bi1	
棚	ben5	
椆	diu5	
棣	di6	
橢	to2	
櫸	gv2	
楦	suang1	
櫬	cing3	
椸	i5	
櫚	lv5	
槎	za1	
樓	lau5	
楔	siak4	
楔	kiak4	古
椿	cung1	
椹	diam1	
椹	sim6	
椹	sim1	又
楠	nam5	
楂	za1	
楝	liang7	文
楝	noin7	白
椷	ham5	
楷	kai2	
楷	gai1	
欖	nam2	文
欖	na2	白
楫	cip4	
榀	bing2	
榾柮	guk4 duk8	
榆	ru5	
楸	ciu1	
椴	dvng7	
槐	huai5	
槌	tui5	
楯	sung2	
概	kai3	
概	gai3	
楣	bhai5	
楹	en5	
椽	uang5	
榕	iong5	文
榕	seng5	白
榨	za3	
檳	bing1	
檳榔	bing1 lang5	文
檳榔	bing1 no5	白
榜	bang2	
槁	gau2	文
槁	go2	白
槁	kau2	方
榱	sui1	
槊	suak4	
㮾	lang5	
櫧	zu1	
榷	kak4	
榛	zing1	
榧	hui2	
檟	gia2	
榼	kap8	
模	mo5	
模	mo5	文
模	bhou5	白
榻	tap4	
檻	gam3	
檻	kam3	
榫	sung2	
檇李	zui3 li2	
榭	sia7	
榭	zia7	又
槔	gau1	
槃	puang5	
榴	liu5	
樟	ziang1	文
樟	zion1	白
樟	zvng1	方
槺	kang1	
槥	hui6	
檣	ciang5	
槿	gvng2	
橫	huen5	
橫	huen7	
槽	zo5	
槭	cek4	
樘	tang5	
槯	cue5	
櫻	eng1	
橡	cion6	
櫫	zu1	
槲	hok8	
橄欖	gan2 na2	白
橄欖	gam2 lam2	文
樽	zung1	
橂	doin7	
樾	uak8	
檠	keng5	
橐	tak4	
橛	kiak4	
橛	gueh8	
櫥	du5	
檎	kim5	
橇	kiau1	
橇	giau6	俗
樵	ziau1	
櫓	lu2	文
櫓	lou2	白
櫓	lou6	方
橙	ceng5	
橘	gik4	
樨	si1	
樨	sai1	又
櫞	uang5	
櫞	vn5	
檩	lim2	
檀	tang5	
檬	mong5	
檬	mong2	又
檑	lui5	
檄	gek4	
檐	siam5	
檐	zin5	方
檞	goi2	
檗	beh4	
欂	boh8	
犬	kiang2	
狀	zuang6	
狀	zvng7	
狀	zo6	方
猷	iu5	
獻	hiang3	
獒	ngau5	
歹	dai2	
殲	ciam1	
歿	mok8	
殘	cang5	
殂	zu1	
殃	iang1	
殄	ziang2	
殤	siang1	
殆	dai6	
殊	su5	
殉	sung5	
殞	ung2	
殞	ung6	又
殍	biau2	
殮	niam2	
殫	dang1	
殖	sik8	
殛	gek4	
殨	kui6	
殯	bing3	
殯	bing1	俗
殣	gvng2	
殪	i3	
車	cia1	
車	gv1	
軋	iak4	
軋	ak4	又
軋	zak4	
軋	gak4	
軌	kui2	
軒	hvng1	
軑	dai6	
軏	uk4	
軎	ue3	
軔	rim2	
轉	zuang2	
轉	dvng2	方
軛	eh4	
輪	lung5	
軟	nvng2	
轟	hong1	
軲轆	gu1 lu5	
軻	ko1	
轤	u5	
軸	dek8	
軤	hu1	
軫	ziang2	
軼	ik8	
轢	leh8	
軺	iau5	
輕	king1	
較	ga3	
軾	sek4	
軼	diak4	
輇	cuang5	
轎	gio7	
輈	ziu1	
輅	lu6	
輒	diak4	
輔	hu6	
輛	liang2	
輦	ling2	
輢	i2	
輩	bue3	
輥	gung2	
輞	bhuang2	
輗	ngi5	
輟	cuak4	
輜	zv1	
輶	iu5	
輳	cou3	
轒轀	pung5 ung1	
輻	hok4	文
輻	bak4	白
輯	cip4	
輸	su1	
𨍹	hui2	方
輮	riu5	
轄	hak4	
轅	uang5	
輾轉	ziang2 zuang2	
輿	v5	
轆轤	lok8 lu5	
轊	hui6	
轍	tiak4	
轔	ling5	
戈	ko1	
箋	ziang1	
戊	bhou7	
戎	rong5	
戍	sue3	
戌	suk4	
成	seng5	文
成	sian5	白
成	zian5	白
成	cian5	方
戲	hi3	
戲	hi1	
戒	gai3	
或	hok8	
戧	cang1	
咸	ham5	
咸	giam5	
威	ui1	
戰	ziang3	
哉	zai7	
栽	zai1	
載	zai3	
載	zai7	方
載	zai2	
戛	kak4	
戚	cek4	
慼	cek4	
裁	cai5	
蛓	ci3	方
胾	zi3	
㦸	gek4	
戡	kam1	
戢	cip4	
戥	deng2	
戤	gai3	
截	zoih8	
戩	ziang2	
臧	zang1	
戮	lok8	
戴	dai3	文
戴	do3	
戴	di3	方
戳	ciak4	
比	bi2	
畢	bik8	
昆	kung1	
昆	hung5	
崑崙	kung1 lung5	
毖	bi3	
皆	gai1	
斃	bi6	
瓦	ua1	文
瓦	hia6	白
瓩	coin1 ua1	
甌	au1	
甕	ang3	
瓴	leng5	
瓷	cv5	
瓶	ping5	
瓶	bang5	又
㼦	gong2	方
㼧	tang5	方
甀	sui5	
㼰	bi5	方
甊	lau2	方
甆	ce5	
甄	ing1	
甃	ziu3	
甑	zeng1	
甓	pek4	
止	zi2	
此	cv2	
步	bou7	
歧	zin1	古
歧	ki5	文
肯	keng2	
顰	ping5	
敁敪	diam1 doh4	
㪗	tau2	方
敲	kiau1	
敲	ka3	方
𩐅	soih4	方
日	rik8	
旦	dang3	
旦	duan3	
早	za2	
旯	la1	
旮旯	ga1 la1	
旭	hiok4	
旨	zi2	
曠	kuang3	
旰	gang3	
旰	gua3	方
旱	uan6	
時	si5	
暘	iang5	
𪰍	dau3	方
旻	ming5	
旻	bhung5	俗
昉	huang2	
炅	guang2	
炅	gui3	
旺	uang6	
昊	hau2	
昊	hau1	俗
曇	tam5	
者	zia2	
者	zia3	俗
昔	sek4	
昔	za2	訓
杲	gau2	
昃	zeh4	
昌	ciang1	
昕	hvng1	
昀	ung5	
明	meng5	
昏	hung1	
易	goi7	
易	i6	文
易	ek8	
易	iah8	方
昂	ngang1	
昱	hiok4	
昶	ciang2	
昶	tiang3	又
春	cung1	
昧	mue6	
昰	si6	
是	si6	
昺	beng2	
曨	long5	
顯	hiang2	
映	iang3	
星	cen1	
昨	za2	
昳	diak4	
昳	ik8	
昝	zang3	
昴	bhau2	
昵	nek8	
昭	ziau1	
晏	ang3	文
晏	uan3	白
暈	ing7	
暈	hung1	
暉	hui1	
晉	zing3	
晅	huang2	
曬	sai3	
曉	hiau2	
晃	huang2	
晟	seng6	
晟	seng5	又
曄	hiok4	
曄	iap4	又
晁	ciau5	
晌	hiang2	
匙	si5	
晡	bu1	
晤	ngo6	
晨	sing5	
晞	hi1	
晗	ham5	
晦	hue3	
晚	mung2	
晚	ung2	方
晾	liang6	
暫	ziam6	
景	geng2	
晬	zui3	
晬	zui6	
普	pou2	
晴	zen5	
暑	su2	
晰	sek4	
晻	iam2	
晶	zian1	
智	di3	
晷	kui2	
暄	suang1	
暗	am3	
闇	am3	
暅	huang2	
暖	luang2	
暖	ruang2	方
暌	kui5	
暇	hia3	
暝	meng5	文
暝	men5	白
暝	men3	白又
暍	hiak4	方
曖	ain3	
曖	ai2	又
暮	mo6	
暴	bau6	
暴	pak8	
曈	tong5	文
曈	dang5	白
暾	dung1	
𣋉	ok4	
曙	su2	
曚曨	mong5 long5	
曛	hung1	
曛	hvng1	又
曜	iou6	文
曜	io7	白
曝	pak8	
曦	hi1	
曩	lang2	
曰	uak4	
冒	mau6	
冒頓	mok8 dok8	
曷	hak4	
曹	cau5	
曼	bhuang2	
曼	bhuang6	又
冕	miang2	
曾	zeng1	
曾	zang1	
曾	zeng5	
替	ti3	
最	zue3	
量	liang5	文
量	nion5	白
量	liang6	
水	zui2	
水	sui2	方
氽	tung2	
汆	suang3	
凼	dang6	
汞	gong3	
沓	dah8	
沓	tah8	
滎	heng5	
滎	iong5	俗
滎	eng5	
泵	bong5	
泉	zuan5	
漿	zion1	
淼	miau2	
貝	bue6	
貢	gong3	
財	cai5	
貯	diu2	
責	zeh4	
貫	guang3	
賢	hiang5	
貪	tam1	
貶	ping2	
貶	biang2	又
貧	ping5	
貨	hue3	
質	zioh4	
販	huang3	又
購	gou3	
貳	no6	
貳	rv6	
貰	sia3	
賁	bi3	
賁	pung1	
賤	zuan7	
帖	tiap4	
貴	gui3	
貺	kuang3	
貸	dai3	
貿	mou3	
貿	mong3	又
貽	i5	
費	hui3	
費	bi3	
賀	ho7	
贜	zang1	
贜	zvng1	又
資	zv1	
賅	gai1	
贄	zi3	
賈	gai2	
賈	gu2	
賊	cak8	
賄	iu6	
貲	zv1	
賂	lu6	
賃	rim2	
賃	rim6	又
贐	zing6	
贐	ziang2	又
賚	lai3	
賑	zing2	
賕	kiu5	
賒	cia1	
賠	bue5	
賡	gen1	
賧	dam6	
賦	hu3	
䝼	ceng5	
賭	du2	
贖	sok8	
齎	zv1	
賞	sion2	
賜	sv3	
賙	ziu1	
賺	zuang3	
賺	tang3	俗
賻	hu3	
贅	zui6	
贇	ung5	
贈	zang7	
贗	ngang6	
贊	zang3	
賵	hong3	
贍	ziam1	
見	giang3	文
見	gin3	白
見	hing7	
觀	guang1	
觀	guang3	
覎	iam3	
規	gui1	
覓	mik8	
覓	cue7	訓
覽	nam2	
覺	gak4	
覘	diam1	
覶縷	lo5 lu2	
覬覦	kai2 ru5	
覡	hek4	
覿	dok8	
覥	diang2	
靦	diang2	
靦	miang2	
覦	ru5	
覯	gou3	
覲	gvng3	
覷	cv3	
父	be6	訓
父	hu6	
父	hu2	
爺	ia5	
斧	bou2	
爸	ba1	文
爸	ba5	文又
爸	be6	白
釜	hu2	
爹	dia1	
牛	ghu5	
牝	ping2	
牟	mou5	
牤	mang5	
𤛘	mang5	
牡	bhou2	
牣	rim2	
氂	mau5	
物	mueh8	
牯	gou2	
牽	kang1	
犖	loh8	
牲	seng1	
牲	sen1	
牮	zing3	
牸	ri7	
特	dek8	
犧	hi1	
牾	ngou2	
牾	u5	又
牻	mang5	
犁	loi5	
犄	i1	
犢	dok8	
犋	gu6	
犍	giang6	
犀	sai1	
犏	piang1	
犒	gau2	
犒	go2	又
犛	li5	
犟	giang6	
手	ciu2	
手	siu2	方
攣	luang5	
拳	kung5	
挈	kiak4	
挈	kioh8	又
摯	zi3	
拿	na2	
挲	so1	
挲	sa1	
挐	ru5	
掌	zion2	
掰	beh4	
掣	zi3	
掱	be5	
摹	mo5	
搿	pong2	方
摩	mo5	
擎	keng5	文
擎	kia5	白
擘	pek4	
擘	beh4	
攀	pang1	
毛	mo5	白
毛	mau5	文
氈	zin1	
毫	hau5	
氄	rong2	
毯	tang2	
毳	cui2	
毿	sam1	
毽	giang6	
毹	su1	
毹	ru5	俗
氆氌	pou2 lu2	
氅	ciang2	
氌	lu2	
氍毹	kv5 su1	
氎	tah8	
氣	ki3	
氣	kui3	方
氕	puah4	
氘	dau1	
氖	nai6	
氚	cuang1	
氙	siang1	
氛	hung1	
氫	king1	
氡	dong1	
氟	huk4	
氨	ang1	
氦	hai6	
氧	iang2	
氬	a1	
氤氳	ing1 ung1	
氪	kiok4	
氮	dan6	
氰	cen1	
氯	lek8	
氳	ung1	
收	siu1	
改	goi2	
放	huang3	文
放	bang3	白
敗	bai7	
攽	bang1	
牧	mok8	
政	zeng3	
故	gu3	
故	gu7	
畋	tiang5	
效	hau7	
敖	ngau5	
致	di3	
敵	dek8	
赦	sia3	
教	ga3	
敕	tek4	
救	giu3	
敝	bi6	
斂	niam2	
敏	miang2	
敢	gan2	
敦	dung1	
散	suan3	
散	suan2	
敞	敞	
數	siau3	
數	sa3	
數	suak4	
敬	geng3	
敫	giau2	
敷	hu1	
片	piang3	
片	pin3	方
版	bang2	文
版	boin2	白
牘	dok8	
牌	bai5	
牒	diap8	
牐	zah8	
牖	iu2	
斤	gvng1	
斥	cek4	
斬	zam2	
所	so2	
斷	duang6	文
斷	dvng6	白
斷	duang3	
斯	sv1	
斮	dok4	
新	sing1	
斲	dok4	
爪	riau2	
爬	be5	
爰	iang6	
愛	ain3	
舀	io2	
奚	hi5	
舜	sung3	
爵	ziak4	
谿	koi1	
月	ghueh8	
月氏	ghueh8 zin1	
肊	ik4	
肌	gi1	
肋	lek8	
肓	huang1	
肝	guan1	
肛	gang1	
肚	dou2	
肚	dou6	
肘	iu2	
肘	diu2	又
肐	ga1	
腸	dvng5	
肪	huang2	文
肪	bang1	白
骯髒	ang1 zang1	
育	iok8	
肩	goin1	
肼	zen2	
膚	hu1	
膞	zuang1	
肢	zin1	
肺	hui3	
肽	tai3	
肱	hong5	
肫	dung1	
腎	siang6	
腫	zeng2	
肭	nap8	
肸	hik4	
朋	peng5	
膁	kiam2	
股	gou2	
脹	ziang3	文
脹	dion3	白
肥	bui5	
服	hok8	
脅	hiap8	
胖	puang3	
脉	meh8	
脈	meh8	
脈脈	meh8 meh8	
胠	ku1	
胡	hu5	
鬍	hu5	文
鬍	hou5	白
胡	ou5	
胚	pue1	
朧	long5	
腖	dong3	
背	bue3	
背	bu3	又
背	bi3	又
臚	lu5	
膽	dan2	
胛	gah4	
胂	sing1	
冑	diu2	
胃	ui7	
胗	ziang2	
胙	zu6	
勝	seng3	
勝	seng1	
胕	bu6	方
胍	gue1	
胝	di1	
胝	di2	又
朐	ku1	
胞	bau1	
脛	gen3	
胎	to1	
胺	ang1	
脊	zik4	
脊	ziah4	方
膠	ga1	
臍	zai5	
腦	nau2	
腦	lo2	方
臟	zang6	
髒	zang1	
胲	hai6	
朕	dim6	
胼	beng6	
脒	bhi2	
朔	suak4	
朗	lang6	
胯	kua3	
胯	kua1	俗
胰	i5	
胱	guang1	
胴	tong5	
胴	dong6	又
胭脂	ing1 zin1	
朒	nak8	
朒	lok8	又
脁	tiau2	
脁	tiau3	
膾	guai3	
骼	geh4	
胳	geh4	
脆	cui2	
胸	heng1	
脂	zin1	
膿	long5	文
膿	lang5	白
脘	uang2	
脘	gvng6	方
脝	heng1	
脫	tuk4	
脫	luk4	方
脖	buak8	
腳	gioh4	
腳	giok4	又
腳	ka1	俗
腳	gag4	
朥	la5	
脰	dou6	
脯	bou2	
脯	pou2	
豚	tung5	
腡	lo5	
脬	pa1	
脬	bu5	方
脞	co3	
臉	liam2	
脢	bhue5	
脧	suang1	
脧	zui6	
脲	rio7	
腚	deng6	
腔	kion1	
腕	uang2	
腋	ek8	
腑	hu2	
䏿	ki2	
腈	zian1	方
腈	zeng1	
期	ki5	
朞	gi1	
臘	lah8	
臘	sek4	
臘	seh4	
朝	ciau5	
朝	ziau1	
腌	iam1	
腌	am1	
腌臢	am1 zang1	
膕	gok4	
腆	tiang2	
腆	diang2	又
腓	hui1	
腴	ru5	
脾	bi5	
脾	pi5	
腒	gv1	
塍	teng5	
媵	reng6	
騰	teng5	
膢	lou5	
膩	rv6	
膩	ni6	又
腠	cou3	
腩	nam2	
腰	io1	
腼腆	miang2 diang2	
䐛	dab4	
膃肭	uk4 nap8	
腥	seng1	文
腥	cen1	白
腮	sai1	
腭	ngak8	
腧	su3	
腹	bak4	
腺	suan3	
腺	suan5	俗
腯	tuh8	
膇	dui7	
腱	giang6	
腿	tui2	
臏	bing3	
膀	bang2	
膀	bang6	又
膀	pong3	
膀胱	pang5 guang1	
膂	lv2	
膂	li2	又
膜	moh8	
膊	bak4	
膊	pak4	俗
膈	geh4	
膣	diak4	
滕	teng5	
脺	cui3	
脺	zui6	
膝	cak4	
膘	piau1	
膛	tang5	
膗	cui2	
螣	teng5	
縢	teng5	
膳	siang6	
膨	pen5	
膰	puang1	
膙	giang2	
臆	ek4	
羶	ziang1	
臁	liam5	
膺	eng1	
臃腫	iong1 zeng2	
臌	gou2	
朦朧	mong5 long5	
臊	cau3	
臊	co1	方
臀	tung5	
臀	diang6	俗
臂	bi3	
䲢	teng5	
𦢊	pok4	
臢	zang1	
臞	kv5	
欠	kiam3	
歡	huan1	
歟	v7	
歐	au1	
欣	hvng1	
欷歔	hi1 hv1	
欲	iok8	
欲	ain3	訓
欸	e2	
欸	ui2	又
欸	e6	
欸	ui6	又
欸	e7	
欸	ui7	又
欸	e1	
欸乃	ai2 nai6	
欻	huh4	方
款	kuang2	
欺	ki1	
欹	ki1	
歆	him1	
歇	hiah4	
歃	cah4	
歉	kiam2	
歉	kiam3	又
歌	go1	文
歌	gua1	白
歔欷	hv1 hi1	
歙	kip4	
歙	hip4	
風	huang1	白
風	hong1	文
颺	iang5	
颯	sap4	
颶	gu6	
颸	sv1	
颼	siau1	
颻	iau5	
飀	liu5	
飄	piau1	
飆	piau1	
殳	su5	
毆	au1	
毆	au2	又
段	dvng7	
段	duang6	
殷	hvng1	
慇	hvng1	
彀	gou3	
轂	gok4	
毀	hui2	
燬	hui2	
譭	hui2	
殿	doin7	
殿	diang6	
毃	kok4	
穀	gok4	
毅	ngi5	
縠	hok8	
觳觫	gok4 sok4	
聿	luk8	古
肅	sok4	
肆	sv3	
肆	si3	
肄	i3	
肇	siau6	
爿	ciang5	
爿	boin5	又
戕	ciang1	
戕	cang5	又
斨	ciang1	
牁	ko1	
牂	zang1	
毋	bho5	
母	bho2	
母	bhou2	方
每	mue2	
毑	zia2	
毒	dak8	
毓	hiok4	
毓	iok8	又
穴	uak8	
穴	huak8	又
穵	uai1	
究	giu3	
窮	kiong5	文
窮	geng5	白
空	kong1	
空	kang1	方
穸	sek4	
穹	giong1	
竊	ciak4	
穿	cuang1	
穿	cvng1	白
突	duk8	
窀穸	dung1 sek4	
窆	ping2	
窆	biang6	又
竅	kiau3	
窅	miau2	
窅	au1	
窄	za3	
窵	diau3	
窈窕	iau2 tiau2	
窒	diak4	
窕	tiau2	
窰	io5	
竄	cuang3	
窩	o1	
窖	ga3	
窗	teng1	
窘	kung2	
窣	suk4	
窺	gui1	
竇	dou6	
竇	dau3	方
窠	ko1	
窠	kue1	又
窟	kuk4	文
窟	kuh4	白
窶	gi6	
窶	lv6	又
踰	ru5	
窬	ru5	
窳	ru2	
窸窣	sek4 suk4	
窿	long5	
窾	kuang2	
立	lip8	
竑	hong5	
親	cing1	
音	im1	
豎	su6	
站	zam6	
兢	geng6	
章	zion1	白
章	ziang1	文
竟	geng2	
竦	song2	
童	tong5	
竣	zung3	
靖	zeng6	
韻	ung7	
竭	giak8	
端	duang1	
韶	siau6	
贛	gang3	
贛	gong3	又
疔	deng1	
癤	zak4	
療	liau5	
癘	li6	
瘧	ngiak8	
疝	sang3	
疙瘩	ngek4 dah4	
疚	giu3	
疚	giu6	又
瘍	iang5	
疣	iu1	
疥	goi3	
瘋	huang1	
瘡	cvng1	
疫	mok8	
疤	ba1	
疰	zu3	
症	zeng3	
癥	deng1	
癥	zeng3	俗
證	zeng3	
疳	gam1	
疴	ko1	
病	ben7	
痁	siam1	
痁	diam3	又
疸	tang2	
疽	zu1	
疹	ziang2	
疾	zik8	
痄	za3	
疼	dong3	
癰	iong1	
癰	eng1	又
痀	gu1	方
疲	pi5	
疱	pa6	
痙	gen3	
痙	keng5	又
痆	nih4	方
痂	gia1	
痎	gai1	
癢	iang6	文
癢	zion6	白
痔	ti6	
瘂	e2	
痍	i5	
疵	cv5	
痌	tong1	
痊	cuang5	
痕	hung5	
痧	sua1	
癇	hiang5	
癇	gang2	俗
痣	gi3	白
痣	zi3	文
癆	lau5	
痘	dau7	
痦	u5	
痞	pi2	
痞	pi2	文
痞	pai2	白
痤	co5	
痢	li6	
瘓	huang3	
痛	tong3	文
痛	tian3	白
痠	svng1	
瘁	zui6	
瘀	v3	
痰	tam5	
癉	dang6	
痲	mua5	
瘃	dok8	
痱	bhui3	
痱	bui3	又
痹	bi3	
痼	gu3	
癡	ci1	
痿	ui2	
瘐	ru5	
瘮	sim3	
瘮	sim2	又
瘥	ce3	
瘥	ca1	俗
瘻	lau7	
瘻	lu5	又
瘖	im1	
㾫	piang1	
㾫	biang1	又
瘞	i3	
瘩	dap4	
瘈	zi3	
瘈	kiak4	又
瘌	lah4	方
瘌痢	lah8 li6	
㾪	sang2	方
瘟	ung1	
瘦	sou2	
瘊	hou5	
瘠	zik4	
瘼	moh8	
瘝	guang1	
癟	bhih4	白
癟	bik8	文
瘤	liu5	文
瘤	lau5	方
瘢	boin1	白
瘢	bang1	文
癱	tang1	文
癱	tuan1	白
瘴	ziang3	
癀	huang5	
瘰癧	lo5 lek8	
癭	eng1	
瘵	zi3	
瘳	tiu1	
瘳	liau5	俗
癮	ing2	
癮	ngiang3	俗
瘸	kue5	
癍	bang1	文
癍	boin1	白
癌	ngam5	
癃	long5	
癃	lang1	又
癔	i3	
癩	nai6	
癩	tai2	俗
癜	doin7	白
癜	diang6	文
癖	piah4	
癬	siang2	
癲	diang1	
癯	kv5	
補	bou2	
初	co1	
初	ciu1	
襯	ceng3	
衫	san1	
杈	ce1	
衲	nap8	
衿	kim1	
衽	rim6	
襖	o2	
袂	mi6	
袢	pang3	
襪	ghueh8	
祛	ku1	
袒	tang2	
袖	siu3	
被	pue6	
被	bi6	
袍	pau5	
䘼	vn2	方
祾	lvng5	方
襠	dang1	
裀	ing1	
袼褙	gak4 bue3	
袱	hok8	
裉	keng2	
褃	keng2	
褲	kou3	
襇	goin2	
褳	liang5	
裕	ru6	
裙	gung5	
裱	bio3	
褂	gua3	
褚	su2	
裸	lo2	
裨	bi1	
裨	bi5	
裰	due3	
裰	cuak4	又
裾	gv1	方
褸	lu2	
褸	lau1	方
褊	biang2	
褡褳	dah4 liang5	
褙	bue3	
褐	hak4	
䙡	kui3	
褓	bau2	
褪	tvng3	
褪	to3	
褯	zia6	
褥	rok8	
褟	tap4	
襤褸	nam5 lu2	
褫	ci2	
褫	di7	又
褦襶	nai6 dai3	
褶	rih4	
褶	zih4	又
襵	rih4	
襵	zih4	又
襁褓	kiang5 bau2	
襟	kim1	
襦	ru5	
禳	riang2	
襶	dai3	
襻	pang3	
示	si7	
祟	zui6	
祭	zi3	
禁	gim3	
石	zioh8	
石	sik8	文
石	sioh8	方
石	dan3	
磯	gi1	
礦	kuang3	
矸	gang1	
矻	kuk4	
矽	sek4	
礬	huang5	
碭	dang6	
碼	bhe2	
⿰石六	lak8	
砉	uak8	
砉	ueh8	又
砉	huak8	
研	ngiang2	文
研	ngiang5	文又
研	ngoin2	白
磚	zvng1	
礰	leh8	方
硨磲	cia1 kv5	
砘	dung6	
砑	ghe7	
砒	bi1	
砌	gih4	
砂	sa1	文
砂	sua1	白
硯	in7	
砭	ping2	
斫	dok4	
斲	dok4	
砍	kam2	
碸	hong1	
砣	to5	
礐	gak4	
砬	lah8	
砫	zu2	
砫	tiau6	俗
砰	peng5	
砝	kiap4	方
砝碼	huak4 bhe2	
砹	ngai6	
礪	li6	
砸	zap4	
礱	lang5	
砧	diam1	
碪	diam1	
砷	sing1	
礎	co2	
砼	tong5	
砟	za3	
砥	di2	
砮	no3	
破	pua3	
礫	leh8	
硜	keng1	
硤	hiap8	
硎	heng5	
硅	gui1	
硭	mang5	
磽	kiau1	
硒	si1	
砦	ze7	
硐	dang7	
礄	gio5	
硇	nau5	
硌	lok8	
硌	geh8	
硫	liu5	
硬	nge6	
硝	siau1	
硪	ngo5	
鹼	giam2	
確	kak4	
碇	deng3	方
硿	kong1	
碗	uan2	
碚	bue6	
碎	cui3	
碰	pong3	
磧	zeh4	
礙	ghai7	
碘	diang2	
碓	dui3	
碑	bi1	
硼	peng5	
碉	diau1	
磣	cam1	
碌	lok8	
碌	lak4	
碲	di3	
磋	co5	
磁	cv5	
碥	biang2	
碧	pek4	
碡	dok8	
碟	dih8	
碴	za1	
碱	giam2	
碣	giak4	
碣	gik4	又
碨	uin3	
碳	tuan3	
磅	bong7	
磅礴	pang5 boh8	
磙	gung2	
磕	kap4	
磊	lui2	
磊	lok8	
磐	puang5	
磔	tek4	
磔	giak8	俗
磉	suang2	
碾	diang2	
磲	kv5	
磨	bhua5	
磨	bho7	
磬	keng3	
磡	kam3	
磺	huang5	文
磺	vn5	白
礅	dung1	
磷	ling5	
䃭	gam2	方
礃	zion2	
磻	puang5	
礁	ziau1	
磴	deng3	
䃰	cak4	
礌	lui5	
礓	giang1	
礓礤	giang1 cak4	
礞	mong5	
礤	ca3	
礤	cak4	又
礳	mo7	
礴	boh8	
龍	leng5	
龑	ngiam2	
龔	gong1	
龔	giong2	又
龕	kam1	
讋	zih4	古
業	ngiap8	
鑿	cak8	
黹	zi2	
黻	huk4	
黼	pou2	
目	mak8	
盯	deng3	
盯	deng1	又
盲	meng5	文
盲	men5	方
盱眙	u1 i5	
眈	dam1	
眃	hung5	方
相	siang1	文
相	sio1	白
相	siang3	文
相	sion3	白
眄	miang2	
盹	dung1	
瞘	ku1	
眇	miau2	
省	sen2	
盻	hi6	
眨	zap4	
䀛	bhai7	方
盼	pang3	
看	toin2	訓
看	kang3	方
眊	mau3	
盾	dung2	
眉	bhai5	
眩	hiang5	
眩	hing5	又
眜	muak8	
眚	seng2	
眚	seng1	又
䀢	sung3	
眢	uang1	
眠	ming5	
眙	i5	
眑	aun1	方
眷	guang3	
眯	mi5	
瞇	mi5	
眯	mi2	
瞇	mi2	
眶	kuang1	
眦	ci3	
眺	tiau2	
眵	ci1	
眵	zi5	方
䀩	lioh4	方
眼	ngang2	
睜	zeng1	
眸	mou5	
睇	ti3	文
睇	toin2	白
䀰	gok4	方
睞	lai3	
䀹	siam2	
瞼	giam2	
𥆌	gak8	方
睒	iam2	方
睛	zeng1	
睦	mok8	
睖	leng5	
睹	du2	
瞄	miau5	文
瞄	bhio5	白
睚	ngai5	
睫	ziap8	
䁪	zam2	
督	dok4	
睬	cai2	
睡	sui6	
睢	zui1	
睨	ngi3	
睥睨	pi3 ngi3	
睭	ziu1	！方
瞜	lu5	
睿	rue6	
瞅	ciu1	
瞍	sou2	
睽	kui5	
瞀	mau6	
瞀	mou3	又
瞀	bhu7	方
瞎	hak4	
矉	ping5	
暝	meng5	
瞌	kap4	
𥍉	nih4	方！
瞞	mua5	
瞋	zing1	
瞟	piau2	
瞪	teng5	
瞪	tang5	俗
瞳	tong5	
瞰	kam2	
瞰	gan2	俗
瞭	liau5	
瞥	puah4	
瞧	ziau5	？
瞪	deng3	
瞽	gou2	
瞬	sung3	
矚	zok4	
瞿	kv5	
瞻	ziam1	
矍	kiak4	
田	cang5	
町	teng2	
町	deng1	
畀	bi3	
畀	bi2	又
畎	kiang2	
畏	uin3	
禺	ngo5	
界	gai3	文
界	goi3	白方
畈	huang3	
畇	ung5	
毗	bi2	
畜	tiok4	
畜	tek4	又
畔	puang3	
畔	boin5	訓
畛	ziang2	
留	liu5	文
留	lau5	白
畦	hi5	
畦	gui1	又
略	liak8	文
略	lioh8	白
疇	tiu5	
畲	sia5	
畬	v5	
畬	sia5	
畹	uang2	
榃	tang5	
畸	gi1	
畸	ki5	俗
畿	gi1	
疃	tong5	
羅	lo5	
罰	huak8	
罘	piu5	
罡	gang1	
罷	ba6	
罷	ba7	
罟	gu2	
罛	gou1	方
詈	li3	文
詈	loi3	白
罥	giang3	
署	su2	
置	di3	
罨	iam2	
罪	zue6	
罩	zau6	
罩	da3	
蜀	zuak8	
蜀	zek8	方
羆	pi5	
罱	nam2	
罳	sv1	
罹	li5	
罾	zang1	
羈	gi6	
罽	gi3	
皿	meng2	
盂	hu5	
盅	zeng1	
盆	pung5	
盈	iong5	
益	iah4	
鹽	iam5	
盍	kap4	
盍	hap4	又
盞	zuan2	
監	gam1	
監	gam3	
盎	ong3	
盎	ang3	
盜	dau6	
蓋	gai3	文
蓋	koin3	白
蓋	gua3	又
蓋	gah4	方
蓋	gai3	
盔	kue1	
盛	seng6	
盛	sian7	
盒	ap8	
盤	buan5	白
盤	puang5	文
盟	meng5	
䀇	gu2	
盥	guang3	
盦	am1	
盩厔	ziu1 zi3	
蠲	giang1	
釔	ik4	
釓	ga2	
針	zam1	
鍼	zam1	
釘	deng1	
釘	deng3	
釙	pok4	
釗	ziau1	
釕	liau2	
鍆	mung5	
釷	tou2	
釺	ciang1	
釧	cuang3	
釧	cuang1	訓
釤	sam1	
釤	sam3	
釣	dion3	
釩	huang5	
釵	toi1	
鍚	iang5	
釹	nvng2	
鈄	dau2	
鈁	huang1	
鈧	kang3	
鈥	hue2	
鈇	hu1	
鈃	heng5	
鈣	gai3	
鈦	tai3	
鈈	buk4	
鈍	dung1	
鈍	dung6	又
釾	ghe5	
鈔	cau1	
鍾	zeng1	
鈉	nap8	
鋼	gvng3	
鋇	bue6	
鈐	kiam5	
鈐	kim5	又
鏦	cong1	
鈞	gvng1	
鑰	iak4	
鑰	ghueh8	俗
欽	kim1	
鉤	gau1	
鎢	ou1	
鈀	ba1	
鈕	niu2	
鉈	ta1	
鈰	ci6	
鉉	hiang5	
鈺	ghek8	
錢	zin5	
鉦	zeng1	
鉦	zeng3	
鉗	kin5	白
箝	kin5	白
鉗	kiam5	文
箝	kiam5	文
鈷	gou2	
鉥	suk8	
缽	buah4	
鉢	buah4	
鉕	po2	
鈳	ko1	
鈸	buak8	
鑨	leng5	
鉞	uak8	
鑽	zang3	
鑽	zeng3	又
鉏	co5	
鉬	mak8	
鉭	tang2	
鈿	tiang5	
鉀	gah4	
鈾	iu5	
鈴	leng1	
鐵	tih4	
鉎	sang1	方
鉎	sen1	方
鉑	beh8	
鉑	boh8	又
鉛	ing5	
鈹	pue5	
鉚	bhau2	
鑠	iak4	
鈮	ni5	
鐸	dak8	
鏺	puah4	
銨	ang1	
鏟	cang2	
鏟	tuan2	方
鉸	ga1	
銥	i1	
銃	ceng3	
鋏	giap4	
鋏	giap4	
鉶	heng5	
銠	lau2	
銬	kau3	
鋩	mang5	
鉺	rv2	
銪	iu2	
銪	u6	又
鋮	seng5	
銍	diak4	
鐃	nau5	
銅	dang5	
鋁	lv6	
銱	diau3	
銦	ing1	
鐺	dang1	
鎧	kai2	
鍘	zak4	
銓	cuang5	
鎩	suah4	
鎩	sai3	又
鉿	hah4	
銚	tiau3	
銚	iau5	
銖	zu1	
銖	su5	又
銖	puak4	
銑	siang2	
銩	diu1	
鋌	teng2	
鏵	hua5	文
鏵	hue5	白
銘	meng5	
鉻	gak4	
鉻	lok8	俗
銛	siam1	
錚	zeng1	
銫	sek4	
銀	ngvng5	
銣	ru5	
鋅	sing1	
鐦	kai1	
鐧	gang3	
鐧	gang2	
銳	rue6	
銻	di6	
鋃	lang5	
錸	lai5	
鋱	tek4	
鋪	pou1	
舖	pou3	
鐒	lau5	
鑄	zu3	
鍊	liang7	
鏈	liang7	
銷	siau1	
鎖	so2	
鏗	giang1	
鍋	ue1	
鋤	co5	文
鋤	dv5	白
鋤	tv5	白又
鋰	li2	
锃	zeng3	
銼	co3	
鋯	gau3	
銹	siu3	
鏽	siu3	
鋨	ngo5	
鋒	hong1	
鋟	cim5	
鋟	cim2	又
鋦	gek8	
鋦	gv1	
錒	a1	
錠	deng6	文
錠	dian6	白
錇	bue5	
鍺	zia2	
錯	co3	
錯	cak4	
錯	coh4	
鍩	nak8	
錨	miau5	
錛	pung1	
鍀	dik4	
錁	ko3	
錫	siah4	
錮	gu3	
鑼	lo5	
錕	kung1	
錔	tap4	方
鎚	dui5	
錘	tui5	
錐	zui1	
錦	gim2	
鍁	hvng1	
鑕	zioh4	古
鍵	giang6	
鋸	gv3	
錳	meng2	
錙	zv1	
鏘	cang1	
鎄	ai1	
鍍	dou7	
鎂	mui2	
鏤	lu2	
鎡	zv1	
鍥	kiak4	
鍇	kai2	
鍶	sv1	
鍔	ngak8	
鍤	cah4	
鍬	ciu1	
鍛	duang3	
鎪	sou1	
鎪	sou2	俗
鍠	huang5	
䤼	suan3	
鐨	hui3	
鎇	bhai5	
鎵	ge1	
鑌	bing1	
鎊	bong7	
鉤	gau2	
鉤	hau2	
鎰	ek4	
鑷	niap4	
鎮	ding3	
鎘	geh4	
钂	tang2	
鎿	na2	
鐫	zuang1	
鐫	zung3	又
鎳	ngiak8	
鎦	liu5	
鎦	liu7	
鏡	gian3	
鏑	dek8	
鏞	iong5	
鏃	zok8	
䦃	dioh4	
鏢	bio1	
鏜	tang1	
鏜	tang5	
鏝	bhuang6	
鏰	bang2	
鏐	liu5	
鑹	cuang1	
鐓	dui7	
鑭	lang5	
鐥	siang6	
鐠	pou2	
鐐	liau5	
鏷	pok4	
鑥	lu2	
鐙	deng3	
鐍	guak4	
鏹	giang2	
鏹	kiang5	俗
鐿	i3	
鐮	niam5	
鐳	lui5	
鐳	lui1	方
鑊	uak8	
鐶	huang5	
鐲	cok4	
鐲	zuak8	又
鑔	cak4	
鑣	bio1	
鑞	lah8	
鑲	siang1	文
鑲	sion1	白
鑱	cam5	
䦆	kiak4	
矢	si2	
矩	gv2	
矧	siang2	
矯	giau2	
矯	giau1	俗
短	do2	
矬	co5	
矮	oi2	
疑	ghi5	
矰	zeng1	
矱	uak8	
禾	da5	訓
禿	tek4	
禿	tok4	方
秀	siu3	
私	sv1	
私	sai1	方
私	si1	方
秆	gang2	文
秆	guan1	白
季	kui3	
委	ui2	
委	ui1	
委蛇	ui1 i5	
科	kue1	
秋	ciu1	
鞦韆	ciu1 ciang1	
秕	bi2	
秬	gv6	
秬	gv2	方
秬	gvk8	方
秒	miau2	
香	hiang1	
香	hion1	
種	zeng2	
種	zeng3	
種	cong1	
秭	zi2	
祕	bi3	
秤	cing3	
秤	peng5	俗
秫	zuk8	
租	zou1	
積	zeh4	
積	zek4	又
秧	iang1	文
秧	vn1	白
秩	diak4	
稱	ceng1	
稱	ceng3	
秸	gai1	
穭	lu2	
穢	ue3	
䄻	to5	
移	i5	
稅	sue3	
稂	lang5	
嵇	gi1	
稍	ciau2	
稍	siau1	
程	tian5	
稃	hu1	
稀	hi1	
黍	su2	文
黍	siu2	白
稖	bang6	
稙	sik8	
稞	kue1	
稒	gu3	
稔	sim2	
稔	rim2	又
稚	zin2	
穉	zin2	
稗	bi2	文
稗	poin7	白
稠	ziu1	
穇	sam1	
穩	ung2	
稼	ge3	
稿	go2	
稹	ziang2	
稽	gi1	
稽	gi2	
稷	zek4	
稻	dau6	
稻	diu6	訓
黎	li5	文
黎	loi5	白
穡	sek4	
穆	mok8	
穄	zi3	
穗	sui7	
黏	niam1	
黏	niam5	又
馥	hiok4	
黐	ti1	方
穰	riang2	
䵚	tau2	
白	beh8	
皂	zau6	
的	dek8	
的	di1	
的	di7	又
皇	huang5	
皇	uang5	又
皈	gui1	
皋	gau1	
皎	gau2	
皚	kai2	俗
皖	uang2	
皓	hau2	
皙	sek4	
皞	hau2	
皤	po5	
皦	giau2	
瓜	gue1	
瓞	diak4	
瓟	pau1	
瓠	hu6	文
瓠	bu5	白
瓢	piau1	
瓤	riang5	文
瓤	nvng5	白
鳥	ziau2	
鳩	kiu1	
雞	goi1	
鳶	iang1	
鴆	dim1	
酖	dim1	
鷗	au1	
鷗	ou1	
鶬鶊	cang1 gen1	
鴇	bau2	
鴉	a1	
鴕	to5	
鶯	eng1	
鴣	gu1	文
鴣	gou1	白
鶇	dang1	
鸕鶿	lu5 cv5	文
鸕鶿	lou5 zv1	白
鴨	ah4	
鴞	hau1	
鴦	ion1	
鴒	leng5	
鴛鴦	uang1 ion1	
鴟	ci1	
鴝	gu1	
鶵	cu1	
鷥	si1	
鴻	hong5	
鸞	luang5	
鵁鶄	gau1 zeng1	
鷙	zi3	
鴯鶓	rv5 miau5	
鴷	liak8	
鴿	gap4	
鴰	guak4	
鵂	hiu1	
鵃	ziu1	
鴴	heng5	
鷳	hiang5	
鵜鶘	ti5 hu5	
鵓鴣	buak8 gu1	
鸝	li5	
鵑	giang1	
鵒	iok8	
鵠	kok4	
鵝	gho5	
鵷雛	uang1 cu1	
鶉	sung5	
鶊	gen1	
鶄	zeng1	
鵡	bhu2	
鵲	ciak4	
鶓	miau5	
鵪	am1	
鵾	kung1	
鵬	pong5	
鵮	kam1	
鷫鷞	sok4 svng1	
鷀	cv5	文
鷀	zv1	白
鶘	hu5	
鶡	hak4	
鶚	ngak8	
鶻	guk4	
鶻	guk8	又
鶻鵃	guk4 ziu1	
鶖	ciu1	
鸑鷟	ngak8 zok8	
鶩	bhu6	
鶥	bhai5	
鷁	iah4	
鷁	ngek8	又
鶼	giam1	
鶴	hoh8	
鷂	iau5	
鶺鴒	zik4 leng5	
鶲	ong1	
鷉	ti1	
鷓鴣	zia3 gou1	
鷟	zok8	
鷖	i1	
鸚鵡	eng1 bhu2	
鷚	liu3	
鷲	ziu6	
鷯	liau5	
鷦鷯	ziau1 liau5	
鷸	luk8	
鸇	ziang1	
鷹	eng1	
鷺	lu6	
䴈	au2	
鷿鷈	pek4 ti1	
鸘	svng1	
鸛	guang3	
用	eng7	
甪	lok8	
甩	suai1	
甬	iong2	
甭	beng3	
甭	bong2	又
甮	meng3	方
矛	mau5	
柔	riu5	
矜	geng1	
矜	guang1	古
𥎊	kvng5	
䂎	cuang3	方
胥	su1	
疍	dang3	
蛋	dang3	文
蛋	duan1	白
疏	so1	
疏	siu1	方
疏	so3	
楚	co2	
皮	pue5	
皺	ziu3	
皺	niau3	俗
皸	gung1	
翍	pi7	方
皴	cuang1	
衣	i1	
衣	ui1	方
衰	sue1	
衰	sui1	古
衷	cong1	
衾	kim1	
裊	niau2	
襲	sip8	
袋	do7	
袈裟	ge1 se1	
袤	mou6	
裝	zuang1	
褻	siak4	
裂	lih8	
裒	pou2	
裒	pou5	又
裟	se1	
裘	kiu5	文
裘	hiun5	白
裔	i6	
裹	go2	
裹	lo2	俗
裹	gue2	方
裳	siang5	
裴	pue5	
褒	pau1	
襞	pek4	
羊	ion5	
羌	giang1	
養	iang2	文
養	ion2	白
美	mui2	
美	bhue2	方
羑	iu2	
羔	go1	
羖	gou2	
羞	siu1	
羚	leng5	
羝	di1	
羥	kiang2	
善	siang6	
羨	iang6	
羣	kung5	
羧	so1	
羯	giak4	
羰	tuan3	
羱	nguang5	
羲	hi1	
羹	gen1	
米	bhi2	
籴	diah8	
類	lui7	
籼	siang1	
𥸱	kou1	方！
籽	zi2	
料	liau7	
敉	mi2	
粉	hung2	
粑	ba1	
粒	liap8	
糲	li6	
粘	niam1	
粗	cou1	
粙	diu6	方
糶	tio3	
粕	poh4	
粢	zv1	
粢	zin5	方
糞	bung3	
粟	cek4	
粞	coi3	
粥	zok8	
粥	giok4	又
粱	liang5	文
粱	nion5	白
糧	nio5	
𥺃	coi3	方！
粳	gen3	
粲	cang3	
粽	zang3	
粹	zui6	
精	zeng1	
精	zian1	
粿	gue2	方
𥺴	nim3	方！
糝	sam1	
糝	sam2	
糍	cv5	
糍	zin5	又
糊	hu5	文
糊	gou5	白
糊	hou5	方
糇	hou5	
粼	ling5	
糌	zang1	
糅	riu5	
糈	su1	
糕	go1	
糖	tvng5	
糙	co3	
糗	hiu3	
糠	kvng1	白
糠	kang1	文
糟	zau1	
糨	ziang3	文
糨	zion3	白
糯	no3	
糯	zuk8	訓
鬻	iok8	
鬻	giok4	又
耒	lui2	
耕	gen1	
耘	ung5	
耙	be5	
耖	cau1	
耗	ho3	
耜	sv6	
耞	gia1	
耠	hak4	
耮	lau5	
耦	ngou2	
耬	lau5	
耪	bang2	
耩	gang2	
耨	nau7	
耨	no7	又
耰	iu1	
耲	huai5	
耱	mo7	
老	lau2	
老	lau6	又
耆	ki5	
耄	mau3	
耋	diak4	
耳	rv2	文
耳	hin6	白
耵	deng1	
耽	dam1	
耿	guang2	
恥	ci2	
聳	sogn2	
聶	niap4	
聹	leng5	
聾	lang5	
職	zeh4	
聃	dam1	
聆	leng5	
聊	liau5	
聯	liang5	
聯	ling5	又
聒	guak4	
聘	peng3	文
聘	pian3	白
聰	cong1	
聵	kui6	
聱	ngau5	
西	sai1	白
西	si1	文
要	iau3	
要	iau1	
票	pio3	
覃	tam5	
覆	hok8	
頁	hioh8	
頂	deng2	
頃	kuang2	
項	hang6	
頇	hang1	
順	sung6	
須	su1	文
鬚	ciu1	
頏	hang5	
頏	kang3	俗
煩	huang5	
頑	nguang2	
頓	dung6	
頓	dung3	文
頓	dvng3	白
頓	dvng3	
頓	dok8	
頒	bang1	
頌	song6	
頎	ki5	
顧	gu3	
顧	gu3	文姓
顧	gou3	白姓
預	v6	
碩	sek4	
顱	lu5	
顗	kai2	
領	nian2	
頸	gen3	
頗	puan2	
頗	po2	又
頞	uanh4	
頦	hai5	
頰	giap4	
頡	kiak4	
頡頏	kiak4 hang5	
頡頏	kiak4 kang3	俗
頜	gap4	
頲	teng2	
穎	teng2	
頤	hi1	
頻	ping	
頷	ham5	文
頷	am6	白
頹	tue1	
穎	teng2	
顆	ko2	
顆	lo2	又
額	hiah8	
顏	nguang5	
顏	ngang5	
顏	hian5	又姓
題	doi5	
顒	iong5	
顎	ngak8	
顓頊	zuang1 hiok4	
顛	diang1	
顛	ding1	方
顙	suang2	
顳顬	niap4 ru5	
顢	mua5	
顥	hau2	
顫	ziang3	
顬	ru5	
顴	kuang5	
顴	guang3	俗
虎	houn2	
虜	lu2	
虐	ngiak8	
虔	kiang1	
虓	hau1	
虛	hv1	
虞	ngo5	
蟲	tang5	
虯	kiu1	
𰲩	giu2	方！
蟣	gi2	
蟣	ki5	方
虯	giu2	方！
虯	kiu1	方！
虱	sak4	
虻	mang5	
蝦	he5	
虹	hong5	
虹	keng6	又
虺	hui2	
蠆	tai3	
蟻	hia6	
虼蚤	ga1 zau2	方
蚤	zau2	
螞	ma2	
螞螂	ma2 lang5	
螞蚱	ma2 za3	
蚪	dau2	
蚊	bhung1	
蚨	hu5	
蚑	kia5	方
蚜	ghe5	
蚍蜉	pi5 pu5	
蚍蜉	bi2 hu1	俗
蚩	ci1	
蚋	rue6	
蚧	gai3	
蚣	gong1	文
蚣	gang1	白
蚌	hong2	
蚝	o5	
蠶	coin5	
蜆	hoin2	
蚓	ing2	
蚓	ung2	又
蛇	zua5	
蛇	i5	
蛆	zu3	
螢	eng5	
蚶	ham1	
蛄	gu1	
蠣	li6	
蠱	gu2	
蛆	zu1	
蚰蜒	iu5 iang6	
蚺	riam2	
蛉	leng5	
蚱蜢	za3 meng2	
蚯蚓	kiu1 ing2	文
蚯蚓	gau6 ung2	白
蟶	tang1	
蚴	iun3	
䖳	te7	方
蠐	ci5	
蠐	cih8	方
蠻	mang5	
蛘	ion5	
蛺蝶	hiap8 diap8	
蛙	ua1	
蟄	dek8	
蟯	nau5	
蟯	ngiau5	又
蛩	kiong5	
蛭	diak4	
螄	sai1	
蛐	kek4	
蛔	hue5	
蛤	gap4	
蝦蟆	gap4 mo5	
蜓	teng5	
蛛	du1	
蛞	guak4	
蜒	iang6	
蛑	mou5	
𬠋	sua1	方！
蜣螂	giang1 lang5	
蛻	to3	
蛻	sue3	俗
蜇	diak4	
蜃	sing5	
蛹	iong2	
蛸	sau1	
蛸	siau1	
蝸	ua1	
蝸	o1	又
蜎	giang1	
蜈蚣	ghou5 gong1	文
蜈蚣	ghe5 gang1	白
蜉	pu5	
蜉	hu1	俗
蜍	su5	
蛾	ngo5	
蜊	li6	
蜂	pang1	
蜿蜒	uang2 iang6	
蜷	kuang5	
蟬	siam5	
𧌊	me1	方！
螂	lang5	
蜻蜓	cen1 teng5	
蜞	ki5	
蠟	lah8	
蜡	za3	
蜥蜴	sek4 ek8	
蠅	sing5	
蜮	hok8	
蜚	hui1	
蜚	hui2	
蜾蠃	go2 lo2	
蟈	gok4	
蜴	ek8	
蜘蛛	di1 du1	
蜼	zui3	
蜩	tiau5	
蜱	bi1	
蜰	bui5	
蜢	meng2	文
蜢	me2	白
蝣	iu5	
䗐	si1	方
蝙蝠	piang1 hok4	
蝤蠐	iu5 ci5	
螻	lu5	
蝘	iam2	
蝠	hok4	
蝻	nam5	
蠑螈	iong5 nguang5	
蝴蝶	hu5 diap8	
蝶	diap8	
蝥	mau5	
蠍	hiak4	
蝓	ru5	
蝮	hok4	文
蝮	bak4	白
蝌蚪	kue1 dau2	
螋	siau1	
蝗	huang5	
蝗	uang5	又
螃	pang5	
螭	ti1	
螭	li5	俗
螗	tang5	
螟	meng5	
螓	cing5	
融	iong5	
螈	nguang5	
螉	ong3	方
螅	sek4	
蟑螂	ziang1 lang5	
蟀	suk4	
螯	ngau5	
螫	sek4	
螬	cau5	
螵蛸	piau1 siau1	
蟥	huang5	
螳	tang5	
蟒	mang2	
蟆	mo5	
蠨蛸	siau1 sau1	
螺	lo5	
蟋蟀	sek4 suk4	
螽	zong1	
蟊	mau5	
𧐔	sap4	方！
蟮	siang6	
蟢	hi2	
蟛蜞	pen5 ki5	
蟛蜞	bhe5 ki5	又
蟪蛄	hui6 gu1	
蟫	im5	
蟫	tam5	俗
蟠	puang5	
蠊	niam5	
蠓	mong5	
蠓	mang2	方
蠖	hu6	
蠋	zok8	
蟾	siam5	
蟹	hoi6	
蠛蠓	mik8 mang2	
蠕	ru5	
蠢	cung2	
蠘	cih8	方！
蠡	li2	
蠡	li5	
蠹	zu3	俗
蠹	du3	文
蠷螋	kv5 siau1	
缶	hui5	訓
缶	hu2	文
缶	bau6	白
缸	gvng1	白
缸	gang1	文方
缺	kueh4	文
缺	kih4	白方
䍉	zai2	
罌	eng1	
罄	keng3	
罅	hia3	
罍	lui5	
罐	guang3	
舌	zih8	
甜	diam5	
舐	zi6	
辭	si5	
辭	sv5	
舔	tiam2	
竹	dek4	
竺	dek4	
竿	gang1	文
竿	go1	訓
竿	guan1	白
篤	dok8	
竽	u1	
笄	gi1	
筧	gang2	
筆	bik4	
笑	cio3	
笈	kip4	
笏	huk4	
笫	zi2	
笊	zau2	
筍	sung2	
笆	ba1	
笠	loih8	
箋	ziang1	
笸籮	po2 lo5	
筇	kiong5	
笨	bung2	
籠	lang5	
籠	long2	文
籠	lang2	白
籠統	long2 tong2	
笘	diam6	方！
笪	dak4	
笛	dek8	
笚	kah4	方！
笙	seng1	
筰	zak4	
笮	zak4	
符	hu5	
笱	gou2	
笱	go5	俗
笥	sv3	
第	doin6	
籩	biang1	
笤	diau1	
笳	gia1	
笞	ci1	
筊	giau1	文
筊	gau1	白
筐	keng1	
等	deng2	
等	dang2	
等	teng6	又
筀	gui3	
策	ceh4	
築	doh4	
築	dok4	又
筑	doh4	
筑	dok4	又
簆	kou3	
筥	gv2	
筒	dang5	
筒	dang6	方
篩	sai1	文
篩	tai1	訓
筌	cuang5	
答	dap4	
筅	coin2	
筵	iang5	
筵	iang6	俗
筋	gvng1	
筏	huak8	
箏	zeng1	
篳	bik8	
筷	kuai3	
簡	gang2	
籌	tiu5	
筭	svng3	
䇽	zih4	
筠	ung5	
筠	gvng1	
筢	be5	方
筮	si7	
筻	geng3	
筲	diau1	文
筲	sa1	白
籤	ciam1	
簽	ciam1	
筱	siau2	
篠	siau2	
箔	boh8	
管	guang2	文
管	gvng2	白方
箜篌	kong1 hou5	
簞	dang1	
篋	giap4	
箐	ciang1	
簣	zeh4	
箸	dv7	
箕	gi1	
箍	kou1	
籜	toh4	
箬	riak8	
篛	riak8	
箑	ziap8	
算	suang3	文
算	svng3	白
箅	bi3	
籮	lo5	文
籮	lua5	白
箠	cue5	
箠	sui5	俗
篸	cam2	
⿱𥫗緑	lok8	
簫	siau1	
篇	piang1	
箭	zin3	
箾	siah4	方
簍	lau2	
箱	sion1	
箴	zim1	
箴	zam1	又
簣	kui6	
篁	huang5	
篌	hou5	
篆	duang6	
篙	go1	
籬	li5	
籬	loi7	方
篝	gau1	
篥	liak8	
篡	cuang3	
簉	zau6	
篷	pong5	文
篷	pang5	白
篦	bi3	
篦	bing3	俗
籃	na5	
篪	ci5	
籪	duang6	
簏	lok8	
簇	zok8	
簌	sok4	
簧	huang5	
簕	lek8	
篾	bhih8	
簃	i5	
篼	dau1	
簋	kui2	
簠	pou2	
簪	zam1	
簟	diam6	
簰	bai5	
簿	pou6	
簸	bua3	
籀	diu6	
籟	nai6	
纂	cuang3	
纂	ruang2	俗
籍	zia6	
籯	iong5	
籥	iak4	
臼	ku6	
舂	zeng1	
舄	sek4	
舅	gu6	
自	zv6	
臬	ngiak8	
臭	cau3	
臭	hiun3	
血	hueh4	
衄	nak8	
衄	nek8	
釁	hiang3	
舟	ziu1	
舢	sang1	
艤	ngi2	
航	hang5	
航	pang5	訓
肪	huang2	
艦	nam2	
艙	cvng1	
舨	bang2	
般	buan1	
舵	dua6	
舷	hin5	白
舷	hiang5	文
舸	ko1	
艫	lu5	
舳艫	dek8 lu5	
舴艋	za3 meng2	
舲	leng5	
舶	boh8	
舶	boh4	又
船	zung5	
艇	teng2	
艄	sau1	
艋	meng2	
艘	sou2	
艚	cau5	
艟	tong5	
艞	tiau3	
艨艟	mong5 tong5	
羽	u2	
羿	ngi5	
翅	ti3	
翅	ci3	
翀	cong1	
翁	ong1	
翁	ang1	方
翁	eng1	
翊	ek8	
翌	ek8	
翎	leng5	
𦐣	tu7	方
翔	siang5	
翬	hui1	
翹	kiau5	
翹	kiau3	
翕	hip4	
翠	cui3	
翥	zu3	
翡翠	hui1 cui3	
翟	dek8	
翦	ziang2	
翩	piang1	
翯	hak8	
翮	geh4	
翮	gek4	又
翱	ngau5	
翳	v3	
翼	ek8	文
翼	sik8	白
翻	huang1	
艮	gvng3	
艱	gang1	
既	gi3	
暨	gi3	
暨	kai3	又
系	hi6	
係	hi6	
繫	gi3	
繫	hi6	俗
紊	bhung5	
素	su3	文
素	sou3	白
索	sok4	文
索	soh4	白
緊	ging2	
縈	eng5	
縈	ing1	方
累	lui2	
累	lui7	
累	lui6	又
縶	zip4	
紫	zi2	
絮	su3	
綮	keng3	
繇	iu5	古
繇	iau5	古
繄	i5	
繁	huang5	
繁	po5	
纍	lui2	
辛	sing1	
辜	gu1	
辜	gou1	
辟	pek4	
闢	pek4	
辣	luah4	
辣	luah8	又
辨	biang6	
辯	biang6	
辮	bin1	
辮	bin6	方
瓣	biang6	
瓣	hah4	俗
言	ngang5	
訄	kiu5	
譽	v6	
謄	teng5	
訾	zv2	
訾	zv1	
詹	ziam1	
誓	si7	
謦	keng3	
警	geng6	
譬	pi3	
麥	bheh8	
麩	hu1	文
麩	pou1	白
麯	kek4	文
麯	kak4	白
䴹	gue2	
麴	kek4	
麴	giok4	又
走	zau2	
赴	hu3	
趙	dion6	
赳	giu2	
趕	guan2	
起	ki2	
⿺走曆	lek8	方
越	uak8	
趄	cian2	
趄	zu1	
趁	ziang2	
趨	cu1	
超	tiau3	
超	tiau1	
𧻓	bian3	方
趑趄	zv1 zu1	
趣	cu3	
趟	tang2	
趭	riau7	方
趯	tek4	
趯	dek8	方
趲	zang3	
赤	ciah4	
赧	nang2	
赩	hek4	
赫	heh4	
赭	ze2	
赭	zia2	又
赯	tang5	
豆	dau7	
豆	dou6	
荳	dau7	
豇	gang1	
豉	si7	
登	deng1	
豌	uang1	
䜺	ceh4	
酉	iu2	
酊	deng1	
酐	gang1	
酎	diu6	
酌	ziak4	
配	pue3	
酖	dam1	
酖	dim1	
醞釀	ung1 riang2	
酞	tai3	
酚	hung1	
酗	hu6	
酕醄	mau5 tau5	
酡	to5	
酤	gou1	
酣	ham1	
酢	zu6	
酢	cou3	
酥	sou1	
醱	puah4	
醬	zion3	
酬	ciu5	
醲	long5	
酮	tong5	
酰	siang1	
酩酊	meng5 deng1	
酪	lok8	
釀	riang2	
酵	gan3	
釅	ngiam5	
釃	sai1	
酺	pu5	
酲	teng5	
酹	luak4	
酴	tu5	
酷	kok4	
酶	bhue5	
酸	svng1	
醅	pue1	
醇	sung5	
醉	zui3	
醋	cou3	
醌	kung1	
醄	tau5	
醚	mi5	
醛	cuang5	
醐	hu5	
醍醐	ti5 hu5	
醒	cen2	
醨	li5	
醪	lau5	文
醪	liou5	文又
醪	lo5	白
醯	hi1	
醭	pok4	文
醭	bou5	白
醮	ziau3	
醵	gv6	
醴	li2	
醺	hvng1	
豕	si2	
豝	ba1	
豢	huang3	
豩	huang1	方
豨	hi1	
䝋	zong1	
豕+奔	pung5	
豭	go1	方
里	li2	
裏	li2	
裡	li2	
裡	lai6	方
野	ia2	
足	zok4	
趴	pa1	
趴	pak4	俗
躉	dung2	
趵	ba3	
趿	tah4	
䟕	ce1	
趼	goin2	
趺	hu1	
趾	zi2	
跂	ki5	文
跂	kia5	白
跂	kia6	
距	gv6	
蹌	cang1	
躍	iak4	
跎	to5	
踐	ziang2	
跍	ku5	方
跖	zia3	
跋	buak8	
跋	buah8	方
跌	diak4	
跗	hu1	
跚	sang1	
跑	pau2	
跏	gia1	
跛	po2	
跤	gau1	
躋	zi3	
跬	kui2	古
跫	kiong5	
跨	kua1	
蹺	kiau1	
蹕	bik8	
跐	cv2	
跐	cv1	
跩	si7	
跩	hi6	俗
跳	tiau3	
跳	dio7	方
跣	siang2	
躚	ciang1	
路	lou7	
跪	guin6	
跺	do6	
跺	do5	又
跟	gvng1	
踉	lang5	
踉	lang6	
踅	soh4	
躊躇	tiu5 tu5	
踄	bou7	
踴	iong2	
跽	gi6	
跼	gek8	
蹤	zong1	
踠	uang2	
踣	pou2	
踮	diam2	
躑躅	dek4 cok4	
踖	zek4	
蹃	nek4	方
踧	cok4	
踔	doh4	
踝	hua5	
踢	tak4	
踢	tek4	方
踩	cai2	
踟躕	di1 du5	
踒	o1	
躓	di3	
踞	gv6	
踏	dah8	
踏	dah4	
蹄	doi5	
踱	dak8	
踱	dou7	俗
蹉跎	ca1 to5	
蹁躚	piang1 ciang1	
踳	cuang2	
蹀躞	diap8 siap8	
蹅	ca3	
踹	cui2	
⿰足忝	tiam3	方！
踵	zong2	
踽	gv2	
蹂躪	riu5 liang6	
䠚	ua5	
䠚	gua5	又
蹐	zik4	
躡	niap4	
蹣跚	puang5 sang1	
蹋	tap4	
蹈	dau6	
蹊	hi5	
蹊	ki1	
蹍	diang2	
蹢	dek8	
蹠	zia3	
躇	tu5	
蹙	cok4	
蹚	tang1	
䠀	tang1	
蹩	biak8	
蹦	bang1	
躥	cuang3	
蹾	dung1	
蹴	cok4	
蹲	dung1	
蹲	cung5	
蹲	cvng5	方
蹭	zeng3	
蹽	liau5	
蹶	kiak4	
蹶	gueh8	方
躕	du5	
蹼	pok4	
蹯	puang1	
蹬	deng1	
蹬	deng3	俗
蹬	dung3	白方
躁	cau3	
躅	cok4	
躈	kiau3	
躄	pek4	
躪	liang6	
躐	lah8	
躦	zang3	
躞	siap8	
豸	di6	
豸	zai6	又
豺	cai5	
豹	ba3	
貂	diau1	
貊	mek8	
貆	huang5	
貅	hiu1	
貉	lok8	
貌	mau6	
貘	mok8	
貔	pi5	
貐	ru2	
番	huang1	
番	puan1	
番	puang1	又
番	po5	
釉	iu5	
釋	sek4	
身	sing1	
躬	giong1	
軀	ku1	
躲	do5	
躺	tang2	
角	gak4	
角	gioh4	
觴	siang1	
觚	gu1	
觥	guang1	
觜	cui3	
觜	zv1	
觸	cok4	
解	goi2	
解	goi3	
解	hai6	
觫	sok4	
觭	gi1	
觭	ki1	
觱篥	bik4 liak8	
青	cen1	
靚	zeng6	
靚	leng1	
靜	zen6	
靛	doin7	
雨	hou6	
雨	u2	方
雩	u1	
雪	soh4	
雯	bhung5	
靂	leh8	
雲	hung1	
雷	lui5	
零	leng5	
零	lang5	方
雹	pak8	
霧	bhu7	
霽	zi3	
需	su1	
霆	teng5	
霈	pai3	
霅	ziap8	
震	zing2	
霄	siau1	
霄	sio1	方
酶	bhue5	
黴	bhue5	
霎	siap4	
霙	eng1	
霙	eng5	又
霖	lim5	
霏	hui1	
霍	kak4	
霓	ngi5	
霜	svng1	
霞	hia5	
霪	im5	
靄	ai2	
霰	sang3	文
霰	suan3	白
霸	ba3	
霹	pek4	
露	lou7	
霾	mai5	
齒	ki2	白
齒	cim2	文
齔	cing3	
齕	hiak4	
䶕	bha3	方
齟齬	zu1 u5	
齡	leng5	
齙	bau1	
齠	tiau1	
齜	zv1	
齦	ngvng5	
齬	u5	
齪	cok4	
齲	gv2	
齷齪	ok4 cok4	
黽勉	miang2 miang2	
黿	nguang5	
鼉	to5	
金	gim1	
鎣	eng5	
鎣	iong5	又
鑒	gam3	
鑑	gam3	
鑾	luang5	
銎	keng1	方
鋈	ok4	
鋬	pang3	
鋆	ung5	
鋆	gvng1	
鏨	zam6	
鍪	mau5	
鎏	liu5	
鏖	au1	文
鏖	o1	白方
鏊	ngau6	
鑫	him1	
隹	zui1	
隼	zung2	
雋	zung3	
雀	ciak4	
雀	ziah4	又
雀	ziauh4	
集	zip8	文
集	zap8	白
雅	ngia2	
雁	ngang6	
雄	hiong5	文
雄	heng5	白方
雎	zu1	
雉	di6	
雛	cu1	
雌	cv5	
雒	lok8	
雕	diau1	
鵰	diau1	
彫	diau1	
讎	ciu5	
讐	ciu5	
魚	hv5	
魛	do1	
魴	huang5	
魷	iu5	
魨	tung5	
魯	lu2	
鮍	pi5	bound
鮀	to5	
鮁	buak8	
鮃	peng5	
鮎	niam5	
鯰	niam5	
鱸	lou5	
鮓	za3	
穌	sou1	
鮒	hu6	
鮊	beh8	
鮊	buak8	
鮑	bau6	
鱟	hau7	
鮣	ing3	
鮐	tai5	
鮟鱇	ang1 kang1	
鮫	gau1	
鮫	ga1	方
鱭	zi3	
鮮	cin1	
鮮	siang1	
鮮	siang2	
鯗	siang2	
鮭	gui1	
鮭	guai1	方
鮭	goi5	方
鮚	gik4	
鮪	iu2	
鮦	tong5	
鰂	cak8	
鱠	guai3	
鱘	cim5	
鯊	sua1	
鯇	uang2	
鱺	li6	bound
鯁	gen2	
鰱	ling5	
鯽	zik4	
鯃	ngo5	
鰹	giang1	
鰣	si5	
鯉	li2	
鰷	tiau5	
鮸	miang2	
鯀	gung2	
鯮	zang1	方
鯨	keng5	
鯖	cen1	
鯪鯉	leng5 li2	文
鯪鯉	lah8 li2	白
鯫	zou1	
鯫	cu1	又
鯤	kung1	
鯧	ciang1	文
鯧	cion1	白
⿰魚乖	guai1	方！
鯬	loi5	
鯛	diau1	
鯢	ngi5	
鯔	zv1	
⿰魚染	ni2	方！
鯿	biang1	
鰆	cung1	
鰈	diap8	
鰓	sai1	文
鰓	ci1	白
鱨	cion5	方！
鰮	ung1	
鱷	ngak8	
鰒	hok8	
鰍	ciu1	
鰉	huang5	
鰁	zuan5	
鰇	riu5	
鱀	gi3	
鰟鮍	pang5 pi5	
鰜	giam1	
鰲	ngau5	
鰭	ki5	
鰨	tap4	
鰥	guang1	
鰩	iau5	
鱅	iong5	
鱅	song5	又
鱈	soh4	
鰾	pio6	
鰳	lek8	
鰼	sip8	
鰻	mua5	
鰻鱺	mua5 li6	
鰵	miang2	
鱔	siang6	文
鱔	cuan6	白
鱓	siang6	文
鱓	cuan6	白
鱒	zuang1	
鱗	ling5	文
鱗	lang5	白
鱗	lang1	白、方
鱖	gui3	
鱉	bih4	
鱣	ziang1	
鱧	li2	
𩽛	boh8	
革	gek4	
靪	deng1	
勒	lek8	
靰鞡	uk4 la1	
靸	sap4	
靴	hia1	
靳	gvng3	
靶	ba2	
靺鞨	muak8 hak4	
靼	dak4	
靼	dang3	俗
鞅	iang1	
鞁	bi6	
靿	au2	
鞍	uan1	
鞋	oi5	
韃靼	dak4 dak4	
韃靼	tak4 dang3	俗
鞽	kiau5	
鞘	siau2	
鞘	sau1	
鞚	kong3	
鞡	la1	bound
鞠	giok4	
鞬	giang6	
韉	ziang1	文
韉	zin1	白
鞮	di1	
鞨	hak4	bound
鞥	eng1	
鞥	am1	又
鞫	giok4	
鞭	biang1	文
鞭	biu1	俗
鞣	riu5	
鞲鞴	gau1 bi6	
鞴	bi6	
䩺	ong1	
𩍐	deng3	
𩍿	boh8	
𩍿	bou7	
韆	ciang1	
韊	lang5	
骨	guk4	
骱	gai3	
骰	dau5	
骷髏	gu1 lu5	
骲	ba7	方
骹	ka1	方
骸	hai5	
骼	geh4	
骼	lok8	俗
骺	hou5	
䯞	kua1	
𩩍	pian1	方
髁	ko2	
髀	bi3	
髀	bi2	又
髂	ke3	
髏	lu5	
髖	kuang1	
髕	bing2	
髓	cue2	
髑髏	dok8 lu5	
食	ziah8	
飧	sung1	
饗	hiang2	
餈	cv5	
饜	iam3	
餐	cang1	
䭕	zian2	方
餮	tiak4	
餮	tek4	又
饔	iong1	
饕餮	tao1 tiak4	
鬼	gui2	
魁	kue1	
魂	hung5	
魅	mue6	
魃	buak8	
魄	pek4	
魄	toh4	bound
魄	boh8	bound
魘	iam2	
魎	liang2	bound
魈	siau1	
魍魎	bhuang2 liang2	
魏	ghui7	
魑	li5	
魔	mo5	
髡	kung1	
髦	mau5	
髫	diau1	
髫	tiau5	又
髯	riam2	
髻	gue3	白
髻	gi3	文
髭	cv5	
髹	hiu1	
髹	iu5	又
鬅	peng5	
鬏	ciu1	
鬢	bing3	
鬑	liam5	
鬐	ki5	
鬒	ziang2	
鬘	bhuang6	
鬟	huang5	
鬣	liak8	
麻	mua5	
麼	mo5	
麼	moh4	
麾	hui1	
糜	mue5	
麿	muan5 lv6	
縻	mi5	
靡	mi2	
鹿	dek8	
麀	hiu1	
麂	gi2	
麈	zu2	
麇	gung1	
麕	kung5	
麋	mi5	
麖	gian1	
麒麟	ki5 ling5	
麓	lok8	
麑	ngi5	
麛	mi5	
麝	sia7	
麟	ling5	
黑	hek4	
墨	bhak8	
默	mik8	
黔	kim5	
黔	ngim5	俗
黜	tuk4	
黛	dai3	
黝	iu2	
黠	kiak4	
黶	iam2	
黟	i1	
黢	cuk4	
黥	keng5	
黧	li5	
黷	dok8	
黯	am3	
鼠	cv2	
鼢	hung1	
鼧鼥	to5 buak8	
鼫	sek8	
鼫	zioh8	俗
鼥	buak8	bound
鼬	iu7	
鼩	ku6	
鼯	u5	
鼴	ang3	
鼷	hi5	
鼻	pin7	
鼾	huan5	白
鼾	hang1	文
齁	hau1	
齆	ong3	
皻	za1	
齇	za1	
儾	nang3	
